side,entry_i,exit_i,entry_ts,exit_ts,entry_mid,exit_mid,size_lots,bars_held,gross_pnl,cost,net_pnl,r_multiple,mae,mfe,exit_reason,year
1,1932,2008,2009-01-09 13:40:00+00:00,2009-01-09 20:00:00+00:00,858.442,855.0699999999999,0.01,76,-3.372000000000071,0.9206190476190492,-4.29261904761912,-0.143087301587304,13.838999999999942,9.482999999999947,session_flat,2009
-1,7904,7982,2009-02-06 13:30:00+00:00,2009-02-06 20:00:00+00:00,914.2149999999999,912.105,0.01,78,2.1099999999999,0.9282699943278376,1.1817300056720623,0.03939100018906874,5.091000000000122,10.128999999999905,session_flat,2009
1,13870,13948,2009-03-06 13:30:00+00:00,2009-03-06 20:00:00+00:00,937.205,940.159,0.01,78,2.953999999999951,0.9282699943278414,2.0257300056721093,0.06752433352240364,7.13900000000001,7.230999999999881,session_flat,2009
-1,19841,19931,2009-04-03 12:30:00+00:00,2009-04-03 20:00:00+00:00,898.0509999999999,891.7170000000001,0.01,90,6.333999999999833,0.9198257575757611,5.414174242424071,0.18047247474746902,10.089000000000055,7.792999999999893,session_flat,2009
-1,25815,25903,2009-05-01 12:40:00+00:00,2009-05-01 20:00:00+00:00,882.037,884.81,0.01,88,-2.772999999999911,0.9077814516129019,-3.6807814516128126,-0.12269271505376042,7.557999999999993,0.5520000000000209,session_flat,2009
1,33315,33405,2009-06-05 12:30:00+00:00,2009-06-05 20:00:00+00:00,979.347,953.99,0.01,90,-25.356999999999974,0.9541481159420344,-26.311148115942007,-0.8770382705314003,26.660999999999945,2.7280000000000655,session_flat,2009
-1,39288,39369,2009-07-03 13:10:00+00:00,2009-07-03 20:00:00+00:00,932.1679999999999,931.4970000000001,0.01,81,0.6709999999998217,0.9374702842377227,-0.266470284237901,-0.008882342807930033,1.8940000000001191,2.6319999999998345,session_flat,2009
1,46780,46870,2009-08-07 12:30:00+00:00,2009-08-07 20:00:00+00:00,963.475,954.87,0.01,90,-8.605000000000018,0.9168472222222332,-9.521847222222252,-0.3173949074074084,9.699999999999932,0.9339999999999691,session_flat,2009
1,52773,52863,2009-09-04 12:30:00+00:00,2009-09-04 20:00:00+00:00,990.95,993.877,0.01,90,2.9269999999999072,0.9200388888888862,2.0069611111110213,0.06689870370370071,5.66800000000012,4.913000000000011,session_flat,2009
-1,58772,58862,2009-10-02 12:30:00+00:00,2009-10-02 20:00:00+00:00,995.459,1001.896,0.01,90,-6.437000000000012,0.9242604726100896,-7.361260472610102,-0.2453753490870034,11.82400000000007,7.962999999999965,session_flat,2009
1,66259,66337,2009-11-06 13:30:00+00:00,2009-11-06 20:00:00+00:00,1093.512,1094.243,0.01,78,0.7309999999999945,0.9490705960705963,-0.21807059607060175,-0.007269019869020058,4.522999999999911,6.020000000000209,session_flat,2009
1,72231,72260,2009-12-04 13:30:00+00:00,2009-12-04 15:55:00+00:00,1206.1960000000001,1176.1960000000001,0.01,29,-30.0,0.9507000816659814,-30.950700081665982,-1.0316900027221994,30.71400000000017,1.0709999999999127,stop,2009
1,79664,79742,2010-01-08 13:30:00+00:00,2010-01-08 20:00:00+00:00,1123.386,1135.522,0.01,78,12.135999999999967,0.9316973837209321,11.204302616279035,0.37347675387596785,0.0,15.286000000000058,session_flat,2010
1,85650,85728,2010-02-05 13:30:00+00:00,2010-02-05 20:00:00+00:00,1059.246,1063.4560000000001,0.01,78,4.210000000000036,0.9421190056134645,3.267880994386572,0.1089293664795524,14.313000000000102,4.893000000000029,session_flat,2010
-1,91594,91672,2010-03-05 13:30:00+00:00,2010-03-05 20:00:00+00:00,1132.104,1133.5929999999998,0.01,78,-1.4889999999998054,0.9780358876117532,-2.4670358876115586,-0.08223452958705195,8.260999999999967,4.281999999999925,session_flat,2010
1,97558,97645,2010-04-02 12:35:00+00:00,2010-04-02 20:00:00+00:00,1121.707,1123.9279999999999,0.01,87,2.2209999999997763,0.9777567264574016,1.2432432735423746,0.041441442451412486,3.882000000000062,2.257999999999811,session_flat,2010
-1,105041,105131,2010-05-07 12:30:00+00:00,2010-05-07 20:00:00+00:00,1194.177,1207.538,0.01,90,-13.361000000000104,1.001804635020151,-14.362804635020254,-0.4787601545006751,18.582000000000107,1.5350000000000819,session_flat,2010
1,111051,111140,2010-06-04 12:35:00+00:00,2010-06-04 20:00:00+00:00,1207.184,1217.57,0.01,89,10.385999999999967,0.9947014907573213,9.391298509242645,0.31304328364142153,9.82899999999995,12.303000000000111,session_flat,2010
1,117051,117130,2010-07-02 13:25:00+00:00,2010-07-02 20:00:00+00:00,1207.1160000000002,1210.903,0.01,79,3.786999999999807,0.9914285714285669,2.7955714285712405,0.09318571428570802,5.929000000000315,4.4789999999998145,session_flat,2010
1,124515,124605,2010-08-06 12:30:00+00:00,2010-08-06 20:00:00+00:00,1196.9260000000002,1205.1889999999999,0.01,90,8.262999999999693,0.9850056110425316,7.277994388957161,0.24259981296523872,0.0,13.765999999999849,session_flat,2010
-1,130470,130560,2010-09-03 12:30:00+00:00,2010-09-03 20:00:00+00:00,1247.406,1246.746,0.01,90,0.6599999999998545,0.9632454895850413,-0.3032454895851868,-0.010108182986172894,3.0540000000000873,8.958999999999833,session_flat,2010
1,136448,136538,2010-10-01 12:30:00+00:00,2010-10-01 20:00:00+00:00,1316.465,1319.09,0.01,90,2.625,0.9638350803633786,1.6611649196366214,0.05537216398788738,2.0240000000001146,3.5270000000000437,session_flat,2010
-1,143922,144012,2010-11-05 12:30:00+00:00,2010-11-05 20:00:00+00:00,1378.9419999999998,1395.2040000000002,0.01,90,-16.2620000000004,1.069988948240927,-17.331988948241325,-0.5777329649413775,19.02800000000002,4.321999999999889,session_flat,2010
1,149791,149869,2010-12-03 13:30:00+00:00,2010-12-03 20:00:00+00:00,1389.862,1408.417,0.01,78,18.554999999999836,0.9708872591677702,17.584112740832065,0.5861370913610688,0.0,18.982999999999947,session_flat,2010
1,157199,157277,2011-01-07 13:30:00+00:00,2011-01-07 20:00:00+00:00,1359.8,1370.979,0.01,78,11.179000000000087,1.03124000608326,10.147759993916827,0.33825866646389424,0.0,19.25,session_flat,2011
1,163165,163243,2011-02-04 13:30:00+00:00,2011-02-04 20:00:00+00:00,1349.675,1348.645,0.01,78,-1.0299999999999727,0.9319000041040624,-1.961900004104035,-0.06539666680346784,4.229999999999791,8.553499999999985,session_flat,2011
1,169113,169191,2011-03-04 13:30:00+00:00,2011-03-04 20:00:00+00:00,1419.75,1427.759,0.01,78,8.009000000000015,1.2529468165918782,6.756053183408136,0.2252017727802712,3.9099999999998545,12.596000000000004,session_flat,2011
-1,175058,175148,2011-04-01 12:30:00+00:00,2011-04-01 20:00:00+00:00,1432.635,1427.677,0.01,90,4.958000000000084,1.0297956818181848,3.9282043181818986,0.13094014393939662,0.0,19.297000000000025,session_flat,2011
1,182655,182745,2011-05-06 12:30:00+00:00,2011-05-06 20:00:00+00:00,1483.998,1490.95,0.01,90,6.951999999999998,1.08174313471502,5.870256865284978,0.19567522884283262,5.8409999999998945,14.471000000000004,session_flat,2011
1,188980,189070,2011-06-03 12:30:00+00:00,2011-06-03 20:00:00+00:00,1530.8400000000001,1541.4375,0.01,90,10.597499999999854,0.8849811834960877,9.712518816503767,0.3237506272167922,0.0,14.97999999999979,session_flat,2011
-1,195121,195211,2011-07-01 12:30:00+00:00,2011-07-01 20:00:00+00:00,1489.742,1487.817,0.01,90,1.9249999999999545,0.8444900793650754,1.0805099206348792,0.03601699735449597,0.0,11.537999999999784,session_flat,2011
-1,202802,202892,2011-08-05 12:30:00+00:00,2011-08-05 20:00:00+00:00,1656.1580000000001,1661.275,0.01,90,-5.116999999999962,1.0595266771019665,-6.176526677101928,-0.20588422257006428,11.025499999999965,8.067999999999984,session_flat,2011
1,208867,208957,2011-09-02 12:30:00+00:00,2011-09-02 20:00:00+00:00,1864.7845,1882.15,0.01,90,17.36550000000011,1.1283302743332784,16.23716972566683,0.541238990855561,0.0,19.920499999999947,session_flat,2011
1,216474,216563,2011-10-07 12:35:00+00:00,2011-10-07 20:00:00+00:00,1655.298,1636.0639999999999,0.01,89,-19.23400000000015,1.0383768795412598,-20.27237687954141,-0.6757458959847137,29.016000000000076,8.424999999999955,session_flat,2011
1,222405,222493,2011-11-04 12:40:00+00:00,2011-11-04 20:00:00+00:00,1759.3350000000003,1756.0149999999999,0.01,88,-3.3200000000003915,0.9729934872005794,-4.292993487200971,-0.14309978290669903,10.010000000000218,3.66199999999958,session_flat,2011
1,228154,228232,2011-12-02 13:30:00+00:00,2011-12-02 20:00:00+00:00,1760.1475,1747.007,0.01,78,-13.140499999999975,0.9933271104948049,-14.13382711049478,-0.471127570349826,18.46550000000002,0.0,session_flat,2011
1,234755,234833,2012-01-06 13:30:00+00:00,2012-01-06 20:00:00+00:00,1623.355,1617.3595,0.01,78,-5.995499999999993,1.0130378981749484,-7.008537898174941,-0.2336179299391647,14.433999999999969,7.673999999999978,session_flat,2012
1,240420,240494,2012-02-03 13:30:00+00:00,2012-02-03 19:40:00+00:00,1761.0835,1731.0835,0.01,74,-30.0,0.8301251033386301,-30.83012510333863,-1.0276708367779543,30.885500000000093,0.0,stop,2012
-1,246270,246346,2012-03-02 13:40:00+00:00,2012-03-02 20:00:00+00:00,1706.878,1712.161,0.01,76,-5.283000000000129,0.8130093485720506,-6.09600934857218,-0.20320031161907265,10.051000000000158,1.3799999999998818,session_flat,2012
1,253753,253784,2012-04-06 12:30:00+00:00,2012-04-06 20:30:00+00:00,1632.7,1638.65,0.01,31,5.9500000000000455,0.9244342105263093,5.0255657894737364,0.16751885964912455,0.0,9.399999999999864,session_flat,2012
1,259702,259792,2012-05-04 12:30:00+00:00,2012-05-04 20:00:00+00:00,1633.994,1642.3585,0.01,90,8.364500000000135,0.9230972596353111,7.441402740364824,0.24804675801216078,0.5964999999998781,13.117500000000064,session_flat,2012
1,265676,265766,2012-06-01 12:30:00+00:00,2012-06-01 20:00:00+00:00,1555.0800000000002,1622.2845,0.01,90,67.20449999999983,0.9739632441077175,66.2305367558921,2.2076845585297367,0.0,74.84299999999985,session_flat,2012
1,273201,273291,2012-07-06 12:30:00+00:00,2012-07-06 20:00:00+00:00,1598.6625000000001,1584.1295,0.01,90,-14.53300000000013,0.9580499170016381,-15.491049917001767,-0.5163683305667256,22.036000000000286,10.776499999999942,session_flat,2012
-1,279185,279275,2012-08-03 12:30:00+00:00,2012-08-03 20:00:00+00:00,1593.771,1603.092,0.01,90,-9.32100000000014,0.8943721737965968,-10.215372173796737,-0.34051240579322456,13.0625,6.734000000000151,session_flat,2012
1,286723,286813,2012-09-07 12:30:00+00:00,2012-09-07 20:00:00+00:00,1698.296,1736.8145,0.01,90,38.518499999999904,0.9394576210634225,37.57904237893648,1.2526347459645493,0.0,43.15949999999998,session_flat,2012
-1,292699,292789,2012-10-05 12:30:00+00:00,2012-10-05 20:00:00+00:00,1787.8855,1781.0545000000002,0.01,90,6.830999999999904,1.028672903018748,5.802327096981156,0.19341090323270518,0.3424999999999727,14.340000000000146,session_flat,2012
-1,298740,298830,2012-11-02 12:30:00+00:00,2012-11-02 20:00:00+00:00,1705.7559999999999,1678.1895,0.01,90,27.566499999999905,0.9372732704123861,26.62922672958752,0.8876408909862507,0.0,30.936499999999796,session_flat,2012
-1,306002,306080,2012-12-07 13:30:00+00:00,2012-12-07 20:00:00+00:00,1695.8464999999999,1703.271,0.01,78,-7.42450000000008,0.9247558654678714,-8.349255865467951,-0.2783085288489317,9.656000000000176,10.433499999999867,session_flat,2012
1,311309,311387,2013-01-04 13:30:00+00:00,2013-01-04 20:00:00+00:00,1637.4695,1652.048,0.01,78,14.578500000000078,0.9190953366805639,13.659404663319513,0.4553134887773171,0.5660000000000309,16.160000000000082,session_flat,2013
1,316783,316855,2013-02-01 13:30:00+00:00,2013-02-01 20:00:00+00:00,1666.136,1669.154,0.01,72,3.0180000000000295,0.8438970527556695,2.17410294724436,0.07247009824147867,2.5644999999999527,16.09050000000002,session_flat,2013
1,322264,322342,2013-03-01 13:30:00+00:00,2013-03-01 20:00:00+00:00,1582.5305,1576.159,0.01,78,-6.371499999999969,0.8104047989095546,-7.181904798909524,-0.23939682663031744,10.133000000000038,4.871499999999969,session_flat,2013
1,328893,328983,2013-04-05 12:30:00+00:00,2013-04-05 20:00:00+00:00,1557.7230000000002,1579.57,0.01,90,21.846999999999753,0.8607227564102629,20.98627724358949,0.6995425747863163,0.0,23.47949999999969,session_flat,2013
-1,334425,334515,2013-05-03 12:30:00+00:00,2013-05-03 20:00:00+00:00,1470.1499999999999,1469.2,0.01,90,0.9499999999998182,1.0708926824946727,-0.12089268249485452,-0.0040297560831618175,5.550000000000182,11.894999999999754,session_flat,2013
1,341273,341283,2013-06-07 12:30:00+00:00,2013-06-07 13:20:00+00:00,1411.498,1381.498,0.01,10,-30.0,1.0774409362909259,-31.077440936290927,-1.0359146978763643,30.130999999999858,2.3640000000000327,stop,2013
-1,346721,346811,2013-07-05 12:30:00+00:00,2013-07-05 20:00:00+00:00,1236.395,1222.1565,0.01,90,14.23849999999993,1.255016157797126,12.983483842202805,0.4327827947400935,0.0,27.96349999999984,session_flat,2013
1,352249,352339,2013-08-02 12:30:00+00:00,2013-08-02 20:00:00+00:00,1289.8215,1307.92,0.01,90,18.098500000000058,1.2814061095283273,16.81709389047173,0.5605697963490577,0.0,28.843000000000075,session_flat,2013
1,359103,359193,2013-09-06 12:30:00+00:00,2013-09-06 20:00:00+00:00,1384.07,1389.2785,0.01,90,5.208499999999958,0.9096125448049992,4.298887455194959,0.14329624850649864,3.4644999999998163,9.450500000000147,session_flat,2013
1,364634,364724,2013-10-04 12:30:00+00:00,2013-10-04 20:00:00+00:00,1321.5155,1310.7005,0.01,90,-10.815000000000055,0.9164896843550061,-11.731489684355061,-0.39104965614516873,15.765499999999975,1.106999999999971,session_flat,2013
1,370104,370194,2013-11-01 12:30:00+00:00,2013-11-01 20:00:00+00:00,1314.8805,1315.6309999999999,0.01,90,0.7504999999998745,0.8330412068237347,-0.08254120682386024,-0.0027513735607953413,8.646999999999935,2.759999999999991,session_flat,2013
-1,376925,376931,2013-12-06 13:30:00+00:00,2013-12-06 14:00:00+00:00,1213.534,1243.534,0.01,6,-30.0,0.8558401060802088,-30.85584010608021,-1.028528003536007,30.983999999999924,0.0,stop,2013
1,383212,383290,2014-01-10 13:30:00+00:00,2014-01-10 20:00:00+00:00,1236.3155,1245.067,0.01,78,8.751500000000078,0.9739020368601621,7.777597963139916,0.2592532654379972,0.0,12.723500000000058,session_flat,2014
1,388688,388766,2014-02-07 13:30:00+00:00,2014-02-07 20:00:00+00:00,1263.4334999999999,1267.3635,0.01,78,3.930000000000064,0.841374475406159,3.088625524593905,0.10295418415313017,5.879999999999882,6.447000000000116,session_flat,2014
-1,394161,394239,2014-03-07 13:30:00+00:00,2014-03-07 20:00:00+00:00,1348.7825,1338.7179999999998,0.01,78,10.06450000000018,0.8585567280865789,9.2059432719136,0.30686477573045334,0.0,20.852499999999964,session_flat,2014
1,399493,399583,2014-04-04 12:30:00+00:00,2014-04-04 20:00:00+00:00,1297.498,1303.4765,0.01,90,5.97849999999994,0.8034082613963169,5.175091738603623,0.17250305795345408,2.3135000000002037,9.307000000000016,session_flat,2014
-1,404657,404747,2014-05-02 12:30:00+00:00,2014-05-02 20:00:00+00:00,1285.3259999999998,1298.399,0.01,90,-13.073000000000093,0.8508372060016023,-13.923837206001695,-0.46412790686672317,19.349500000000262,7.996499999999742,session_flat,2014
1,411526,411616,2014-06-06 12:30:00+00:00,2014-06-06 20:00:00+00:00,1256.7095000000002,1252.926,0.01,90,-3.783500000000231,0.7976133522947064,-4.581113352294937,-0.15270377840983124,10.728500000000167,1.197499999999991,session_flat,2014
-1,417076,417116,2014-07-04 13:45:00+00:00,2014-07-06 22:00:00+00:00,1320.622,1320.7350000000001,0.01,40,-0.11300000000005639,0.7445223612705774,-0.8575223612706337,-0.028584078709021125,0.5685000000000855,1.0370000000000346,session_flat,2014
1,422546,422636,2014-08-01 12:30:00+00:00,2014-08-01 20:00:00+00:00,1285.6405,1293.063,0.01,90,7.422500000000127,0.8621685014226559,6.560331498577471,0.21867771661924904,0.6075000000000728,11.66800000000012,session_flat,2014
1,429362,429452,2014-09-05 12:30:00+00:00,2014-09-05 20:00:00+00:00,1266.538,1268.779,0.01,90,2.2409999999999854,0.8804505285985378,1.3605494714014477,0.045351649046714924,1.9710000000000036,5.467000000000098,session_flat,2014
-1,434893,434983,2014-10-03 12:30:00+00:00,2014-10-03 20:00:00+00:00,1205.5154999999997,1191.961,0.01,90,13.554499999999733,0.861477135878195,12.693022864121538,0.4231007621373846,0.0,15.38299999999981,session_flat,2014
1,441739,441817,2014-11-07 13:30:00+00:00,2014-11-07 20:00:00+00:00,1148.536,1171.292,0.01,78,22.755999999999858,0.8128789200447586,21.943121079955098,0.7314373693318366,1.63350000000014,25.483999999999924,session_flat,2014
-1,447185,447263,2014-12-05 13:30:00+00:00,2014-12-05 20:00:00+00:00,1203.251,1190.9085,0.01,78,12.342499999999973,0.8499412395575794,11.492558760442392,0.3830852920147464,0.0,16.799999999999955,session_flat,2014
1,453509,453587,2015-01-09 13:30:00+00:00,2015-01-09 20:00:00+00:00,1214.19,1220.2685000000001,0.01,78,6.078500000000076,0.8141144087046441,5.264385591295432,0.17547951970984774,4.186999999999898,7.266000000000076,session_flat,2015
-1,458992,459070,2015-02-06 13:30:00+00:00,2015-02-06 20:00:00+00:00,1258.778,1234.607,0.01,78,24.17100000000005,0.8391142419246413,23.33188575807541,0.7777295252691803,0.0,30.32849999999985,session_flat,2015
-1,464468,464546,2015-03-06 13:30:00+00:00,2015-03-06 20:00:00+00:00,1194.6,1168.326,0.01,78,26.273999999999887,0.9576402382645772,25.31635976173531,0.8438786587245103,0.0,30.717499999999973,session_flat,2015
1,471081,471171,2015-04-10 12:30:00+00:00,2015-04-10 20:00:00+00:00,1203.1195,1208.8135000000002,0.01,90,5.694000000000187,0.7579724747892114,4.936027525210976,0.16453425084036588,0.0,7.760500000000093,session_flat,2015
-1,475232,475322,2015-05-01 12:30:00+00:00,2015-05-01 20:00:00+00:00,1176.3864999999998,1178.6625,0.01,90,-2.2760000000000673,0.7755973904071605,-3.0515973904072276,-0.10171991301357425,3.2745000000002165,5.864499999999907,session_flat,2015
-1,482090,482180,2015-06-05 12:30:00+00:00,2015-06-05 20:00:00+00:00,1172.415,1171.0149999999999,0.01,90,1.400000000000091,0.8059200742294947,0.5940799257705962,0.019802664192353207,0.0,9.558500000000095,session_flat,2015
-1,487596,487644,2015-07-03 13:05:00+00:00,2015-07-05 22:00:00+00:00,1168.4959999999999,1173.8600000000001,0.01,48,-5.36400000000026,0.8671049300061007,-6.231104930006361,-0.2077034976668787,5.3689999999999145,2.3864999999998417,session_flat,2015
-1,494447,494537,2015-08-07 12:30:00+00:00,2015-08-07 20:00:00+00:00,1090.441,1092.2615,0.01,90,-1.8205000000000384,0.8099198088686921,-2.6304198088687305,-0.08768066029562435,9.144000000000005,7.436500000000024,session_flat,2015
1,499970,500060,2015-09-04 12:30:00+00:00,2015-09-04 20:00:00+00:00,1124.7895,1122.1185,0.01,90,-2.671000000000049,0.846155973097936,-3.517155973097985,-0.1172385324365995,7.865000000000009,5.798999999999978,session_flat,2015
1,505444,505534,2015-10-02 12:30:00+00:00,2015-10-02 20:00:00+00:00,1111.6735,1137.6515,0.01,90,25.97799999999984,0.8548232158081712,25.12317678419167,0.8374392261397223,0.0,29.697999999999865,session_flat,2015
-1,512345,512423,2015-11-06 13:30:00+00:00,2015-11-06 20:00:00+00:00,1105.1964999999998,1088.049,0.01,78,17.14749999999981,0.8234132490031139,16.324086750996695,0.5441362250332232,0.0,19.65549999999962,session_flat,2015
1,517786,517857,2015-12-04 14:05:00+00:00,2015-12-04 20:00:00+00:00,1071.9455,1085.414,0.01,71,13.468499999999949,0.7849732273229275,12.683526772677022,0.42278422575590074,1.1449999999999818,16.990499999999884,session_flat,2015
-1,524086,524164,2016-01-08 13:30:00+00:00,2016-01-08 20:00:00+00:00,1097.3819999999998,1102.6105,0.01,78,-5.228500000000167,0.8136417047731157,-6.042141704773283,-0.2014047234924428,8.299500000000307,3.5809999999999036,session_flat,2016
1,529559,529637,2016-02-05 13:30:00+00:00,2016-02-05 20:00:00+00:00,1160.8754999999999,1162.6,0.01,78,1.7245000000000348,0.7910983647667225,0.9334016352333123,0.03111338784111041,15.52599999999984,4.064000000000078,session_flat,2016
-1,535032,535110,2016-03-04 13:30:00+00:00,2016-03-04 20:00:00+00:00,1258.5065,1259.92,0.01,78,-1.4135000000001128,0.7952133601020333,-2.208713360102146,-0.07362377867007153,21.332000000000107,7.878500000000031,session_flat,2016
-1,540276,540366,2016-04-01 12:30:00+00:00,2016-04-01 20:00:00+00:00,1228.981,1223.589,0.01,90,5.392000000000053,0.826700852720911,4.565299147279141,0.15217663824263805,1.7239999999999327,19.885999999999967,session_flat,2016
1,547176,547266,2016-05-06 12:30:00+00:00,2016-05-06 20:00:00+00:00,1282.8500000000001,1289.1755,0.01,90,6.32549999999992,0.8218985423419527,5.503601457657967,0.18345338192193225,0.0,12.814999999999827,session_flat,2016
1,552649,552739,2016-06-03 12:30:00+00:00,2016-06-03 20:00:00+00:00,1214.8095,1244.155,0.01,90,29.3454999999999,0.8324336674202661,28.513066332579637,0.9504355444193212,0.0,29.615499999999884,session_flat,2016
1,558173,558259,2016-07-01 12:50:00+00:00,2016-07-01 20:00:00+00:00,1335.885,1344.5,0.01,86,8.615000000000009,0.7927611539448807,7.822238846055129,0.2607412948685043,1.7729999999999109,8.7349999999999,session_flat,2016
-1,565021,565111,2016-08-05 12:30:00+00:00,2016-08-05 20:00:00+00:00,1356.465,1336.615,0.01,90,19.84999999999991,0.9043280391084141,18.945671960891495,0.6315223986963832,0.0,21.579999999999927,session_flat,2016
1,570542,570632,2016-09-02 12:30:00+00:00,2016-09-02 20:00:00+00:00,1322.068,1326.115,0.01,90,4.0470000000000255,0.8305014950210983,3.216498504978927,0.10721661683263091,5.81899999999996,8.09699999999998,session_flat,2016
1,577395,577485,2016-10-07 12:30:00+00:00,2016-10-07 20:00:00+00:00,1256.8935,1255.1934999999999,0.01,90,-1.7000000000000455,0.8002768264869926,-2.5002768264870383,-0.08334256088290128,15.36999999999989,8.611500000000206,session_flat,2016
1,582915,583005,2016-11-04 12:30:00+00:00,2016-11-04 20:00:00+00:00,1303.16,1304.3005,0.01,90,1.1404999999999745,0.773131479186429,0.36736852081354554,0.012245617360451518,4.025000000000091,4.135999999999967,session_flat,2016
1,588351,588429,2016-12-02 13:30:00+00:00,2016-12-02 20:00:00+00:00,1174.6870000000001,1174.693,0.01,78,0.005999999999858119,0.8435259613391859,-0.8375259613393278,-0.02791753204464426,7.851000000000113,3.4629999999999654,session_flat,2016
1,594707,594785,2017-01-06 13:30:00+00:00,2017-01-06 20:00:00+00:00,1179.44,1172.3515,0.01,78,-7.088500000000067,0.7500007407682143,-7.838500740768282,-0.2612833580256094,8.38000000000011,0.7684999999999036,session_flat,2017
1,600181,600259,2017-02-03 13:30:00+00:00,2017-02-03 20:00:00+00:00,1212.642,1216.5700000000002,0.01,78,3.9280000000001114,0.7556877705275,3.1723122294726114,0.10574374098242038,0.0,8.826499999999896,session_flat,2017
-1,605662,605737,2017-03-03 13:45:00+00:00,2017-03-03 20:00:00+00:00,1228.1654999999998,1234.415,0.01,75,-6.2495000000001255,0.6954877338954766,-6.944987733895602,-0.2314995911298534,8.174000000000206,5.210999999999785,session_flat,2017
1,612540,612630,2017-04-07 12:30:00+00:00,2017-04-07 20:00:00+00:00,1265.525,1254.6599999999999,0.01,90,-10.865000000000236,0.783367687677625,-11.648367687677862,-0.3882789229225954,14.00500000000011,4.3034999999999854,session_flat,2017
-1,617785,617875,2017-05-05 12:30:00+00:00,2017-05-05 20:00:00+00:00,1230.148,1229.4135,0.01,90,0.7344999999997981,0.7098324034430357,0.024667596556762428,0.0008222532185587476,3.1540000000002237,3.983500000000049,session_flat,2017
1,623258,623348,2017-06-02 12:30:00+00:00,2017-06-02 20:00:00+00:00,1263.375,1278.1799999999998,0.01,90,14.804999999999838,0.7222889637748029,14.082711036225035,0.46942370120750115,0.0,15.784999999999854,session_flat,2017
1,630111,630201,2017-07-07 12:30:00+00:00,2017-07-07 20:00:00+00:00,1223.3035000000002,1212.3110000000001,0.01,90,-10.992500000000064,0.7347109061249004,-11.727210906124965,-0.3909070302041655,15.922000000000253,5.241999999999962,session_flat,2017
-1,635631,635721,2017-08-04 12:30:00+00:00,2017-08-04 20:00:00+00:00,1267.436,1258.5985,0.01,90,8.837499999999864,0.7184984327814292,8.119001567218435,0.27063338557394784,0.0,13.151000000000067,session_flat,2017
1,641151,641241,2017-09-01 12:30:00+00:00,2017-09-01 20:00:00+00:00,1321.115,1326.172,0.01,90,5.057000000000016,0.6798909220165825,4.377109077983434,0.14590363593278113,4.576499999999896,7.357000000000198,session_flat,2017
1,648003,648093,2017-10-06 12:30:00+00:00,2017-10-06 20:00:00+00:00,1269.2565000000002,1274.724,0.01,90,5.467499999999745,0.6992870770910986,4.7682129229086465,0.15894043076362155,8.564000000000078,6.5034999999998035,session_flat,2017
1,653523,653613,2017-11-03 12:30:00+00:00,2017-11-03 20:00:00+00:00,1276.695,1270.226,0.01,90,-6.468999999999824,0.717104636709446,-7.18610463670927,-0.2395368212236423,11.104499999999916,2.0850000000000364,session_flat,2017
-1,658956,659034,2017-12-01 13:30:00+00:00,2017-12-01 20:00:00+00:00,1273.9199999999998,1282.449,0.01,78,-8.529000000000224,0.6810359687074019,-9.210035968707626,-0.30700119895692085,15.39850000000024,2.2049999999997,session_flat,2017
1,665304,665382,2018-01-05 13:30:00+00:00,2018-01-05 20:00:00+00:00,1318.735,1320.681,0.01,78,1.94600000000014,0.7042282444948194,1.2417717555053207,0.04139239185017736,4.989499999999907,3.6520000000000437,session_flat,2018
-1,670777,670855,2018-02-02 13:30:00+00:00,2018-02-02 20:00:00+00:00,1344.6605,1329.5415,0.01,78,15.118999999999916,0.6937588251892506,14.425241174810665,0.48084137249368886,0.0,17.159499999999753,session_flat,2018
1,676253,676331,2018-03-02 13:30:00+00:00,2018-03-02 20:00:00+00:00,1322.9565,1322.854,0.01,78,-0.10249999999996362,0.680985523444749,-0.7834855234447127,-0.026116184114823755,5.317999999999984,2.5550000000000637,session_flat,2018
1,682877,682967,2018-04-06 12:30:00+00:00,2018-04-06 20:00:00+00:00,1326.195,1333.256,0.01,90,7.061000000000149,0.7151927485380012,6.345807251462148,0.21152690838207158,4.214999999999918,9.2650000000001,session_flat,2018
1,688395,688485,2018-05-04 12:30:00+00:00,2018-05-04 20:00:00+00:00,1311.7915,1314.0315,0.01,90,2.240000000000009,0.7067116197253358,1.5332883802746733,0.051109612675822445,3.7509999999999764,3.6549999999999727,session_flat,2018
-1,693867,693957,2018-06-01 12:30:00+00:00,2018-06-01 20:00:00+00:00,1293.51,1293.069,0.01,90,0.4410000000000309,0.6907178924803465,-0.24971789248031562,-0.008323929749343853,5.626999999999953,2.401499999999942,session_flat,2018
1,700719,700809,2018-07-06 12:30:00+00:00,2018-07-06 20:00:00+00:00,1255.796,1255.0905,0.01,90,-0.7055000000000291,0.6962107430554536,-1.4017107430554827,-0.046723691435182756,2.145999999999958,1.6744999999998527,session_flat,2018
1,706239,706329,2018-08-03 12:30:00+00:00,2018-08-03 20:00:00+00:00,1213.005,1213.644,0.01,90,0.6389999999998963,0.7007493806526974,-0.06174938065280111,-0.0020583126884267037,0.0,7.065000000000055,session_flat,2018
-1,713091,713181,2018-09-07 12:30:00+00:00,2018-09-07 20:00:00+00:00,1200.1854999999998,1196.26,0.01,90,3.925499999999829,0.6934232088854195,3.2320767911144097,0.10773589303714699,0.12100000000032196,6.660499999999729,session_flat,2018
1,718609,718699,2018-10-05 12:30:00+00:00,2018-10-05 20:00:00+00:00,1204.11,1203.1785,0.01,90,-0.9314999999999145,0.706343848138363,-1.6378438481382775,-0.05459479493794259,4.509499999999889,1.759999999999991,session_flat,2018
-1,724129,724219,2018-11-02 12:30:00+00:00,2018-11-02 20:00:00+00:00,1232.2185000000002,1233.1399999999999,0.01,90,-0.9214999999996962,0.7808828912529455,-1.7023828912526418,-0.05674609637508806,4.24799999999982,2.4050000000002,session_flat,2018
1,730942,731020,2018-12-07 13:30:00+00:00,2018-12-07 20:00:00+00:00,1241.1835,1249.8565,0.01,78,8.673000000000002,0.77130659949823,7.901693400501772,0.26338978001672575,0.4735000000000582,8.9224999999999,session_flat,2018
-1,735871,735949,2019-01-04 13:30:00+00:00,2019-01-04 20:00:00+00:00,1289.0485,1284.3584999999998,0.01,78,4.690000000000282,0.7739397704657294,3.9160602295345526,0.13053534098448508,0.5464999999999236,12.355000000000246,session_flat,2019
-1,741343,741421,2019-02-01 13:30:00+00:00,2019-02-01 20:00:00+00:00,1320.7450000000001,1317.6485,0.01,78,3.0965000000001055,0.7952534500752091,2.3012465499248966,0.07670821833082989,2.8634999999997035,4.541500000000042,session_flat,2019
-1,746814,746890,2019-03-01 13:40:00+00:00,2019-03-01 20:00:00+00:00,1304.7414999999999,1293.3899999999999,0.01,76,11.351499999999987,0.7528499274728471,10.59865007252714,0.3532883357509047,7.528500000000122,12.52299999999991,session_flat,2019
-1,753713,753802,2019-04-05 12:35:00+00:00,2019-04-05 20:00:00+00:00,1286.916,1291.9715,0.01,89,-5.0555000000001655,0.7628335589492037,-5.818333558949369,-0.19394445196497898,6.370499999999993,2.4524999999998727,session_flat,2019
-1,758956,759046,2019-05-03 12:30:00+00:00,2019-05-03 20:00:00+00:00,1270.5665,1278.275,0.01,90,-7.708500000000186,0.7775888241525453,-8.486088824152732,-0.28286962747175776,12.045000000000073,0.0,session_flat,2019
1,765808,765898,2019-06-07 12:30:00+00:00,2019-06-07 20:00:00+00:00,1338.17,1341.395,0.01,90,3.224999999999909,0.7831442891211449,2.441855710878764,0.08139519036262548,0.05999999999994543,10.156500000000051,session_flat,2019
-1,771289,771379,2019-07-05 12:30:00+00:00,2019-07-05 20:00:00+00:00,1410.2515,1400.9465,0.01,90,9.305000000000064,0.8375949433692118,8.467405056630852,0.2822468352210284,0.0,23.616500000000087,session_flat,2019
1,776809,776899,2019-08-02 12:30:00+00:00,2019-08-02 20:00:00+00:00,1438.3785,1441.0635,0.01,90,2.6849999999999454,0.806487228801483,1.8785127711984624,0.06261709237328208,7.313499999999976,9.700000000000045,session_flat,2019
1,783666,783756,2019-09-06 12:30:00+00:00,2019-09-06 20:00:00+00:00,1508.0800000000002,1505.53,0.01,90,-2.550000000000182,0.8145106017264581,-3.36451060172664,-0.11215035339088801,3.5150000000001,19.89149999999995,session_flat,2019
1,789186,789276,2019-10-04 12:30:00+00:00,2019-10-04 20:00:00+00:00,1512.695,1505.75,0.01,90,-6.944999999999936,0.8414465659203061,-7.786446565920242,-0.2595482188640081,16.695500000000038,0.0,session_flat,2019
-1,794706,794796,2019-11-01 12:30:00+00:00,2019-11-01 20:00:00+00:00,1509.6899999999998,1513.1815000000001,0.01,90,-3.4915000000003147,0.765165704105484,-4.2566657041057985,-0.14188885680352661,6.435000000000173,6.304999999999836,session_flat,2019
1,801525,801603,2019-12-06 13:30:00+00:00,2019-12-06 20:00:00+00:00,1477.885,1460.0549999999998,0.01,78,-17.830000000000155,0.7819884057638458,-18.611988405764002,-0.6203996135254667,19.14149999999995,0.0,session_flat,2019
1,807834,807912,2020-01-10 13:30:00+00:00,2020-01-10 20:00:00+00:00,1550.1315000000002,1558.9634999999998,0.01,78,8.831999999999653,0.763870806295806,8.068129193703847,0.26893763979012825,3.2265000000002146,10.998499999999922,session_flat,2020
1,813306,813384,2020-02-07 13:30:00+00:00,2020-02-07 20:00:00+00:00,1566.6285,1572.1815000000001,0.01,78,5.553000000000111,0.7568047692608741,4.796195230739237,0.15987317435797455,1.4100000000000819,7.522999999999911,session_flat,2020
-1,818778,818856,2020-03-06 13:30:00+00:00,2020-03-06 20:00:00+00:00,1675.2050000000002,1686.8315,0.01,78,-11.62649999999985,0.8292081036562726,-12.455708103656123,-0.41519027012187076,14.783999999999878,32.555000000000064,session_flat,2020
1,824298,824388,2020-04-03 12:30:00+00:00,2020-04-03 20:00:00+00:00,1620.985,1622.135,0.01,90,1.150000000000091,1.7406757703188342,-0.5906757703187433,-0.01968919234395811,14.556499999999915,5.134999999999991,session_flat,2020
1,829542,829632,2020-05-01 12:30:00+00:00,2020-05-01 20:00:00+00:00,1680.751,1699.4465,0.01,90,18.695500000000038,1.545384342667564,17.150115657332474,0.5716705219110825,3.9459999999999127,24.885500000000093,session_flat,2020
-1,836394,836484,2020-06-05 12:30:00+00:00,2020-06-05 20:00:00+00:00,1699.5775,1681.6435000000001,0.01,90,17.93399999999997,0.9856200104865602,16.94837998951341,0.564945999650447,0.0,28.72100000000023,session_flat,2020
-1,841930,841968,2020-07-03 13:50:00+00:00,2020-07-05 22:00:00+00:00,1774.6,1775.25,0.01,38,-0.650000000000091,1.0229961622384747,-1.6729961622385656,-0.05576653874128552,1.9050000000002,1.3339999999998327,session_flat,2020
1,848766,848785,2020-08-07 12:30:00+00:00,2020-08-07 14:05:00+00:00,2056.5865,2026.5865,0.01,19,-30.0,1.0423854527513028,-31.042385452751304,-1.0347461817583767,33.38149999999996,7.298500000000331,stop,2020
1,854286,854376,2020-09-04 12:30:00+00:00,2020-09-04 20:00:00+00:00,1941.3500000000001,1935.06,0.01,90,-6.290000000000191,1.0880213259280966,-7.378021325928287,-0.24593404419760959,24.855000000000246,0.0,session_flat,2020
1,859758,859848,2020-10-02 12:30:00+00:00,2020-10-02 20:00:00+00:00,1911.07,1901.7735,0.01,90,-9.296499999999924,0.930037885923904,-10.226537885923827,-0.3408845961974609,12.799999999999955,0.8250000000000455,session_flat,2020
1,866659,866736,2020-11-06 13:35:00+00:00,2020-11-06 20:00:00+00:00,1956.8215000000002,1951.9765,0.01,77,-4.845000000000255,0.8378213221947144,-5.682821322194969,-0.18942737740649898,15.621500000000196,3.5999999999996817,session_flat,2020
1,872091,872169,2020-12-04 13:30:00+00:00,2020-12-04 20:00:00+00:00,1844.229,1836.8955,0.01,78,-7.333499999999958,0.8788396237736074,-8.212339623773566,-0.2737446541257855,14.973999999999933,4.007499999999936,session_flat,2020
-1,878401,878478,2021-01-08 13:35:00+00:00,2021-01-08 20:00:00+00:00,1880.195,1846.59,0.01,77,33.60500000000002,0.9040649139769399,32.70093508602308,1.0900311695341027,12.601499999999987,51.8900000000001,session_flat,2021
1,883872,883950,2021-02-05 13:30:00+00:00,2021-02-05 20:00:00+00:00,1802.6035,1810.1039999999998,0.01,78,7.500499999999875,0.8983602307263101,6.602139769273565,0.22007132564245216,6.966499999999996,12.582000000000107,session_flat,2021
-1,889344,889422,2021-03-05 13:30:00+00:00,2021-03-05 20:00:00+00:00,1694.955,1699.1605,0.01,78,-4.205500000000029,0.8339431210391086,-5.039443121039138,-0.16798143736797128,12.822500000000218,5.899499999999989,session_flat,2021
-1,895968,896058,2021-04-09 12:30:00+00:00,2021-04-09 20:00:00+00:00,1738.7825,1743.1165,0.01,90,-4.33400000000006,0.8078995293811839,-5.141899529381244,-0.17139665097937481,8.107499999999845,7.482499999999845,session_flat,2021
1,901488,901578,2021-05-07 12:30:00+00:00,2021-05-07 20:00:00+00:00,1820.8315,1832.2085000000002,0.01,90,11.37700000000018,0.9588200833370955,10.418179916663085,0.3472726638887695,0.0,22.576999999999998,session_flat,2021
1,906960,907050,2021-06-04 12:30:00+00:00,2021-06-04 20:00:00+00:00,1874.82,1892.02,0.01,90,17.200000000000045,0.8271762480857436,16.372823751914304,0.5457607917304768,0.8855000000000928,21.455000000000155,session_flat,2021
1,912480,912570,2021-07-02 12:30:00+00:00,2021-07-02 20:00:00+00:00,1786.525,1787.9135,0.01,90,1.3885000000000218,0.9230791656247397,0.46542083437528214,0.015514027812509405,8.440000000000055,8.569999999999709,session_flat,2021
-1,919332,919422,2021-08-06 12:30:00+00:00,2021-08-06 20:00:00+00:00,1796.8335,1760.1635,0.01,90,36.669999999999845,0.8454166040257289,35.824583395974116,1.1941527798658038,0.0,38.08349999999996,session_flat,2021
1,924852,924942,2021-09-03 12:30:00+00:00,2021-09-03 20:00:00+00:00,1817.8255000000001,1828.625,0.01,90,10.799499999999853,0.8549964937087908,9.944503506291062,0.33148345020970205,0.0,16.193999999999733,session_flat,2021
1,930324,930414,2021-10-01 12:30:00+00:00,2021-10-01 20:00:00+00:00,1754.9,1760.07,0.01,90,5.169999999999845,0.8156355053162654,4.35436449468358,0.14514548315611933,2.4500000000000455,9.429999999999836,session_flat,2021
-1,937224,937314,2021-11-05 12:30:00+00:00,2021-11-05 20:00:00+00:00,1790.8529999999998,1816.9,0.01,90,-26.047000000000253,0.8734521291057393,-26.920452129105993,-0.8973484043035331,27.282000000000153,2.395999999999958,session_flat,2021
1,942654,942732,2021-12-03 13:30:00+00:00,2021-12-03 20:00:00+00:00,1774.555,1784.01,0.01,78,9.454999999999927,0.8804218760856901,8.574578123914238,0.28581927079714126,8.0775000000001,11.564999999999827,session_flat,2021
1,949278,949356,2022-01-07 13:30:00+00:00,2022-01-07 20:00:00+00:00,1791.8765,1796.8114999999998,0.01,78,4.934999999999718,0.8604994586476142,4.074500541352104,0.1358166847117368,9.210000000000036,6.801999999999907,session_flat,2022
-1,954750,954828,2022-02-04 13:30:00+00:00,2022-02-04 20:00:00+00:00,1810.4185,1806.95,0.01,78,3.4684999999999495,0.8092637863631131,2.659236213636836,0.08864120712122787,0.08000000000015461,18.207000000000107,session_flat,2022
1,960240,960318,2022-03-04 13:30:00+00:00,2022-03-04 20:00:00+00:00,1946.575,1967.1625,0.01,78,20.587499999999864,0.8220090969561191,19.765490903043744,0.6588496967681248,4.005000000000109,23.470000000000027,session_flat,2022
-1,965760,965850,2022-04-01 12:30:00+00:00,2022-04-01 20:00:00+00:00,1927.735,1922.68,0.01,90,5.054999999999836,0.8945309787932849,4.160469021206551,0.13868230070688503,6.308999999999969,9.657500000000027,session_flat,2022
1,972384,972474,2022-05-06 12:30:00+00:00,2022-05-06 20:00:00+00:00,1885.789,1881.0675,0.01,90,-4.721499999999878,0.8920033449822353,-5.613503344982114,-0.18711677816607045,11.332999999999856,6.7934999999999945,session_flat,2022
-1,977874,977964,2022-06-03 12:30:00+00:00,2022-06-03 20:00:00+00:00,1862.365,1850.66,0.01,90,11.704999999999927,0.9054738035976249,10.799526196402303,0.3599842065467434,2.895999999999958,14.95750000000021,session_flat,2022
1,983370,983454,2022-07-01 13:00:00+00:00,2022-07-01 20:00:00+00:00,1791.3395,1805.432,0.01,84,14.092499999999971,0.8101468179919216,13.28235318200805,0.442745106066935,0.06750000000010914,18.003499999999804,session_flat,2022
-1,990234,990324,2022-08-05 12:30:00+00:00,2022-08-05 20:00:00+00:00,1786.887,1773.667,0.01,90,13.220000000000026,0.8533306806062824,12.366669319393743,0.4122223106464581,0.0,21.81549999999993,session_flat,2022
1,995754,995844,2022-09-02 12:30:00+00:00,2022-09-02 20:00:00+00:00,1706.8880000000001,1709.7085000000002,0.01,90,2.820500000000038,0.870290787404119,1.9502092125959192,0.0650069737531973,2.561000000000149,11.166999999999689,session_flat,2022
-1,1002624,1002714,2022-10-07 12:30:00+00:00,2022-10-07 20:00:00+00:00,1708.483,1695.653,0.01,90,12.829999999999927,0.8546808901698457,11.975319109830082,0.39917730366100274,4.970000000000027,17.826000000000022,session_flat,2022
-1,1008144,1008218,2022-11-04 12:30:00+00:00,2022-11-04 18:40:00+00:00,1649.3549999999998,1679.3549999999998,0.01,74,-30.0,0.9284193432105876,-30.92841934321059,-1.030947311440353,30.185500000000275,0.584999999999809,stop,2022
-1,1013595,1013673,2022-12-02 13:30:00+00:00,2022-12-02 20:00:00+00:00,1796.73,1798.56,0.01,78,-1.8299999999999272,0.9277056279661569,-2.757705627966084,-0.09192352093220281,1.9695000000001528,18.11500000000001,session_flat,2022
1,1019943,1020021,2023-01-06 13:30:00+00:00,2023-01-06 20:00:00+00:00,1838.2115000000001,1868.9015,0.01,78,30.689999999999827,0.8905160549255451,29.799483945074282,0.9933161315024761,0.8165000000001328,31.72849999999994,session_flat,2023
-1,1025415,1025493,2023-02-03 13:30:00+00:00,2023-02-03 20:00:00+00:00,1912.3915,1865.8135,0.01,78,46.577999999999975,0.8953247024579578,45.68267529754202,1.5227558432514006,0.0,50.988000000000056,session_flat,2023
1,1030909,1030983,2023-03-03 13:50:00+00:00,2023-03-03 20:00:00+00:00,1847.92,1853.3495,0.01,74,5.429499999999962,0.7967311107252357,4.632768889274726,0.15442562964249087,8.829999999999927,7.151499999999942,session_flat,2023
1,1038909,1038931,2023-04-14 12:30:00+00:00,2023-04-14 14:20:00+00:00,2038.3785,2008.3785,0.01,22,-30.0,0.8374273066528559,-30.837427306652856,-1.0279142435550952,30.398500000000013,0.0,stop,2023
-1,1043049,1043139,2023-05-05 12:30:00+00:00,2023-05-05 20:00:00+00:00,2033.1615,2017.8195,0.01,90,15.341999999999873,0.8983035345280115,14.443696465471861,0.481456548849062,0.0,33.55799999999999,session_flat,2023
-1,1048539,1048629,2023-06-02 12:30:00+00:00,2023-06-02 20:00:00+00:00,1977.3835,1948.7885,0.01,90,28.5949999999998,0.9384317573532366,27.656568242646564,0.9218856080882188,0.6065000000000964,29.241999999999734,session_flat,2023
1,1055379,1055469,2023-07-07 12:30:00+00:00,2023-07-07 20:00:00+00:00,1921.415,1924.7984999999999,0.01,90,3.383499999999913,0.9446267398062029,2.43887326019371,0.08129577533979034,5.880499999999984,13.5,session_flat,2023
1,1060899,1060989,2023-08-04 12:30:00+00:00,2023-08-04 20:00:00+00:00,1933.2005000000001,1941.3915000000002,0.01,90,8.191000000000031,0.8961449446133398,7.294855055386691,0.24316183517955636,0.0,13.795999999999822,session_flat,2023
1,1066419,1066509,2023-09-01 12:30:00+00:00,2023-09-01 20:00:00+00:00,1946.715,1940.6284999999998,0.01,90,-6.086500000000115,0.809419184153221,-6.895919184153335,-0.22986397280511117,12.211499999999887,5.6099999999999,session_flat,2023
-1,1073289,1073379,2023-10-06 12:30:00+00:00,2023-10-06 20:00:00+00:00,1819.1249999999998,1829.49,0.01,90,-10.365000000000236,0.8174443523737454,-11.182444352373981,-0.3727481450791327,15.7650000000001,8.678499999999758,session_flat,2023
1,1078809,1078899,2023-11-03 12:30:00+00:00,2023-11-03 20:00:00+00:00,1991.0065,1992.75,0.01,90,1.7435000000000402,0.8115622022740376,0.9319377977260026,0.03106459325753342,4.54099999999994,13.110000000000127,session_flat,2023
1,1084248,1084313,2023-12-01 14:35:00+00:00,2023-12-01 20:00:00+00:00,2039.6115000000002,2067.085,0.01,65,27.473499999999834,0.780106546686987,26.693393453312847,0.8897797817770949,0.9950000000001182,35.80849999999987,session_flat,2023
-1,1090583,1090661,2024-01-05 13:30:00+00:00,2024-01-05 20:00:00+00:00,2039.1184999999998,2045.8,0.01,78,-6.681500000000142,0.8055077139698725,-7.487007713970014,-0.24956692379900047,24.888000000000602,14.314999999999827,session_flat,2024
-1,1096073,1096151,2024-02-02 13:30:00+00:00,2024-02-02 20:00:00+00:00,2051.5665000000004,2038.2649999999999,0.01,78,13.301500000000487,0.7954132167445576,12.50608678325593,0.4168695594418643,0.0,23.731500000000324,session_flat,2024
1,1101561,1101639,2024-03-01 13:30:00+00:00,2024-03-01 20:00:00+00:00,2052.7799999999997,2085.275,0.01,78,32.495000000000346,0.7861379608678518,31.708862039132494,1.0569620679710832,7.119999999999891,35.60500000000047,session_flat,2024
-1,1108185,1108209,2024-04-05 12:30:00+00:00,2024-04-05 14:30:00+00:00,2290.1945,2320.1945,0.01,24,-30.0,0.8682375303823013,-30.868237530382302,-1.0289412510127434,31.405500000000302,7.184499999999844,stop,2024
1,1113705,1113795,2024-05-03 12:30:00+00:00,2024-05-03 20:00:00+00:00,2300.005,2301.445,0.01,90,1.4400000000000546,0.8842846100247574,0.5557153899752971,0.018523846332509905,22.646499999999833,17.889999999999873,session_flat,2024
-1,1120575,1120665,2024-06-07 12:30:00+00:00,2024-06-07 20:00:00+00:00,2330.2515000000003,2288.3199999999997,0.01,90,41.9315000000006,0.8942847426536369,41.03721525734696,1.3679071752448986,0.0,42.55300000000034,session_flat,2024
1,1126035,1126125,2024-07-05 12:30:00+00:00,2024-07-05 20:00:00+00:00,2368.8085,2388.8115,0.01,90,20.0029999999997,0.8842443271289009,19.1187556728708,0.63729185576236,4.056999999999789,24.1899999999996,session_flat,2024
1,1131555,1131583,2024-08-02 12:30:00+00:00,2024-08-02 14:50:00+00:00,2461.1049999999996,2431.1049999999996,0.01,28,-30.0,0.9197359024806309,-30.91973590248063,-1.030657863416021,31.154999999999745,16.624500000000808,stop,2024
1,1138425,1138475,2024-09-06 12:30:00+00:00,2024-09-06 16:40:00+00:00,2517.555,2487.555,0.01,50,-30.0,0.9904121699507904,-30.99041216995079,-1.0330137389983596,32.29999999999973,11.750000000000455,stop,2024
-1,1143945,1144035,2024-10-04 12:30:00+00:00,2024-10-04 20:00:00+00:00,2655.8755,2651.6735,0.01,90,4.2020000000002256,0.941842993514449,3.2601570064857768,0.10867190021619257,14.327999999999975,23.688500000000204,session_flat,2024
1,1149453,1149543,2024-11-01 12:30:00+00:00,2024-11-01 20:00:00+00:00,2754.9049999999997,2734.2035,0.01,90,-20.70149999999967,0.8876338660005818,-21.58913386600025,-0.7196377955333416,21.63000000000011,7.361499999999978,session_flat,2024
1,1156296,1156374,2024-12-06 13:30:00+00:00,2024-12-06 20:00:00+00:00,2639.9449999999997,2634.88,0.01,78,-5.0649999999996,0.9571614025987105,-6.022161402598311,-0.2007387134199437,15.888500000000022,3.455500000000029,session_flat,2024
-1,1162589,1162667,2025-01-10 13:30:00+00:00,2025-01-10 20:00:00+00:00,2674.9950000000003,2685.918,0.01,78,-10.922999999999774,1.709682105654779,-12.632682105654553,-0.4210894035218184,23.111999999999625,8.794500000000426,session_flat,2025
1,1168078,1168156,2025-02-07 13:30:00+00:00,2025-02-07 20:00:00+00:00,2865.2549999999997,2860.3435,0.01,78,-4.911499999999705,1.1903108938298321,-6.101810893829537,-0.20339369646098457,11.77999999999929,21.580000000000382,session_flat,2025
1,1173568,1173646,2025-03-07 13:30:00+00:00,2025-03-07 20:00:00+00:00,2920.7949999999996,2905.295,0.01,78,-15.499999999999545,1.094045075814539,-16.594045075814083,-0.5531348358604694,18.706499999999778,9.610000000000127,session_flat,2025
-1,1179088,1179178,2025-04-04 12:30:00+00:00,2025-04-04 20:00:00+00:00,3091.1435,3036.575,0.01,90,54.56850000000032,1.256399308028915,53.3121006919714,1.7770700230657135,4.082999999999629,75.36999999999989,session_flat,2025
-1,1184330,1184420,2025-05-02 12:30:00+00:00,2025-05-02 20:00:00+00:00,3257.705,3233.815,0.01,90,23.889999999999873,1.362983066010949,22.527016933988925,0.7509005644662975,6.949999999999818,34.88500000000022,session_flat,2025
1,1191200,1191221,2025-06-06 12:30:00+00:00,2025-06-06 14:15:00+00:00,3360.615,3330.615,0.01,21,-30.0,1.3754845634744668,-31.375484563474465,-1.045849485449149,36.899999999999636,0.40650000000005093,stop,2025
-1,1196691,1196744,2025-07-04 12:35:00+00:00,2025-07-06 22:00:00+00:00,3333.6615,3334.71,0.01,53,-1.0484999999998763,1.30609387939867,-2.3545938793985464,-0.07848646264661821,9.1899999999996,2.7795000000000982,session_flat,2025
1,1202163,1202253,2025-08-01 12:30:00+00:00,2025-08-01 20:00:00+00:00,3304.3265,3357.24,0.01,90,52.91349999999966,1.2184598094793326,51.695040190520324,1.7231680063506774,0.0,56.9699999999998,session_flat,2025
1,1209032,1209122,2025-09-05 12:30:00+00:00,2025-09-05 20:00:00+00:00,3555.2999999999997,3594.7315,0.01,90,39.43150000000014,1.9211006141114302,37.51039938588871,1.2503466461962904,0.0,44.875000000000455,session_flat,2025
1,1214552,1214642,2025-10-03 12:30:00+00:00,2025-10-03 20:00:00+00:00,3865.3949999999995,3885.79,0.01,90,20.395000000000437,1.0648159264250365,19.3301840735754,0.6443394691191799,0.0,26.363500000000386,session_flat,2025
-1,1221452,1221489,2025-11-07 13:30:00+00:00,2025-11-07 16:35:00+00:00,3992.0,4022.0,0.01,37,-30.0,1.095399991785151,-31.09539999178515,-1.036513333059505,35.39499999999998,7.869999999999891,stop,2025
1,1226914,1226946,2025-12-05 13:30:00+00:00,2025-12-05 16:10:00+00:00,4235.284999999999,4205.284999999999,0.01,32,-30.0,1.0653269277864994,-31.0653269277865,-1.0355108975928833,31.989999999998872,24.105000000000473,stop,2025
1,1233220,1233298,2026-01-09 13:30:00+00:00,2026-01-09 20:00:00+00:00,4475.07,4499.28,0.01,78,24.210000000000036,1.354442874484115,22.855557125515922,0.7618519041838641,0.0,42.24150000000009,session_flat,2026
1,1238710,1238720,2026-02-06 13:35:00+00:00,2026-02-06 14:25:00+00:00,4928.6765,4898.6765,0.01,10,-30.0,1.2900679572755793,-31.29006795727558,-1.0430022652425193,34.11149999999907,9.758499999999913,stop,2026
1,1244199,1244277,2026-03-06 13:30:00+00:00,2026-03-06 20:00:00+00:00,5089.1235,5159.955,0.01,78,70.83150000000023,1.4963377979757961,69.33516220202443,2.3111720734008143,15.188500000000204,85.64500000000044,session_flat,2026
1,1250823,1250913,2026-04-10 12:30:00+00:00,2026-04-10 20:00:00+00:00,4771.4915,4760.0435,0.01,90,-11.44800000000032,1.3034416606778787,-12.751441660678198,-0.4250480553559399,23.991500000000087,23.652000000000044,session_flat,2026
1,1254977,1255053,2026-05-01 13:40:00+00:00,2026-05-01 20:00:00+00:00,4608.188499999999,4611.0599999999995,0.01,76,2.8715000000001965,1.1055766677156327,1.7659233322845638,0.05886411107615212,9.348499999999149,52.17150000000038,session_flat,2026
-1,1261833,1261923,2026-06-05 12:30:00+00:00,2026-06-05 20:00:00+00:00,4461.6135,4318.58,0.01,90,143.03350000000046,1.2252046262107226,141.80829537378975,4.726943179126325,0.0,148.76350000000002,session_flat,2026
-1,1267312,1267359,2026-07-03 13:05:00+00:00,2026-07-05 22:00:00+00:00,4171.985,4185.39,0.01,47,-13.405000000000655,2.2460913486380787,-15.651091348638733,-0.5217030449546244,13.405000000000655,16.534999999999854,session_flat,2026
1,1274157,1274247,2026-08-07 12:30:00+00:00,2026-08-07 20:00:00+00:00,4325.74,4344.115,0.01,90,18.375,1.5275585613691312,16.84744143863087,0.5615813812876956,0.0,46.23500000000058,session_flat,2026
