date,pre_bps,spike5_abs_atr,spike30_abs_atr,spike30_bps,cont_90_bps,cont_180_bps,day_bps,spread_blowout
2009-02-06,32.434240588385954,0.0660886130171107,0.261055342561968,-53.45734798815727,7.679372504341142,20.34321646299686,-22.392004544067312,1.074123990500785
2009-03-06,-17.70330287569344,0.29344232294272404,0.08271823339230072,18.097721288685698,-21.496850077322716,12.512296475346574,17.714829569286383,1.0695938780719194
2009-04-03,-91.48738868318573,0.12557830501161144,0.029077678591126966,-6.59118115522328,-55.90071783373007,-5.616765321534434,-71.99469688375149,0.9500565768431644
2009-05-01,22.86583637719941,0.12386411653983415,0.03260929877203236,-4.320685337607655,2.8402115108905335,-9.539037066457201,10.184025337853786,0.9596176595055751
2009-06-05,-51.9695329889136,0.30782803978183987,0.9323067051652254,-119.30249504787938,10.470486316692673,32.470972446415615,-80.54380049568488,1.0460419032551962
2009-07-03,7.164107392974017,0.04308361356224565,0.04267907258982449,-4.522588292283913,4.6425753105061585,14.95702669319976,-12.308721608453865,1.045002525979506
2009-08-07,24.17420418769689,0.3049145826305401,0.18689612462427072,-19.276107389520902,53.03883270863396,38.03353610948746,-65.84848604674009,0.9542719765061272
2009-09-04,24.549934749658053,0.1479875398846741,0.052832403874374066,5.639832988171278,-12.2127503538072,-4.000206071222978,40.860690803261605,0.9537560224101533
2009-10-02,-18.994494001105533,0.6626988237731607,0.2328910318588906,-24.822139782874064,-105.04973259610529,-95.42017377479617,80.92049325075567,0.9571348597961203
2009-11-06,11.925479492205238,0.2152433786550429,0.19299248086155543,-23.328533449454845,-50.745874490614185,-29.0592114674304,-15.33495932584672,1.0382856502372722
2009-12-04,-17.011014093303302,0.20673561868629745,0.8771660418830721,-120.83965558292165,8.212738478023951,192.99935423355063,-467.432664637808,1.038739062341605
2010-01-08,-5.693818470390299,0.7988581599006078,1.11802310334599,115.74828242474133,-68.2600764350949,-78.35345115096982,44.97634338167966,1.1041170176970356
2010-02-05,-41.6676076695488,0.1999687157828764,0.18632879712186243,28.14031984336829,-34.346419209118075,-64.23581337409057,19.856097480528412,1.1042644633058998
2010-03-05,-0.3615077164276226,0.31739752397434934,0.04718930469951483,-5.890143532570891,-8.046372515286837,-48.86936114272711,33.063787103886355,1.104959152177226
2010-04-02,17.66869718159203,0.02514836666145899,0.171513601002474,-17.584005781045022,-9.55373596655651,6.220206017512053,40.404527881001684,1.1051862480715717
2010-05-07,-60.42610261205783,0.2814869975896019,0.22371592623800657,23.88882239154233,56.54855100601041,16.859350927516115,83.90428832078855,1.1663326412394037
2010-06-04,-34.524843958317895,0.2752362569874362,0.17496803950569856,20.325744389830813,-38.31058140915555,-4.824110923000724,121.65726892217954,1.1662624941716124
2010-07-02,-76.24231138756655,0.1794272508830166,0.016281726388211723,2.0627217113933227,5.588157762341783,29.63719384670549,72.86225939529656,1.1678248540326905
2010-08-06,-16.879680104182615,0.15343218640866357,0.9984542279727509,94.79307080714649,4.763072355624676,8.764053134351357,-15.722280575610759,1.1056156444592355
2010-09-03,-30.457485328406754,0.8859148522035507,0.8588490708374621,-59.74700664051369,0.04836217465387094,-66.65113703502534,47.81407000747029,1.1057398487079764
2010-10-01,39.06997889366881,0.054615412202882165,0.03135518974500833,-2.3250459880419516,0.1291992609808723,-5.570768135205739,17.654699015121622,1.107570471352438
2010-11-05,-31.258328271669413,0.21223740572688576,0.1352985564899554,17.56911545118811,22.326077900436392,77.95684926751312,82.43363651091241,1.170598554473029
2010-12-03,-14.348481829932203,0.7138236378433609,0.7721843893684529,79.95557463432502,24.958967400432464,46.78109349287807,73.2506691820145,1.265507726414137
2011-01-07,-67.51848868712051,0.7671239444554225,1.0205145723583524,94.14815857820003,0.0,28.329377396383304,46.206314863030954,1.2356790529449804
2011-02-04,-12.56041902120586,0.11743112363652956,0.14160074358416125,16.742341407365302,36.23726025146601,-29.084536462424815,-27.504975523602315,1.248663030867084
2011-03-04,16.698439596130044,0.20087043856713066,0.03796941216816365,-3.277729414624675,-58.52489070652833,-83.20406148639049,45.046249076776675,1.7934504812570162
2011-04-01,6.903500911750182,0.6244766578521781,0.8592821094888393,-85.99033479786411,30.371721474233837,-15.259663809434887,35.622282904750335,1.271209672989493
2011-05-06,3.438473614949533,0.09127333060122654,0.4007962875282323,51.01913335678887,-13.38039146127512,36.1502366343891,21.876251367265453,1.3353627731214037
2011-06-03,-19.99403182720738,0.3763063665974621,0.7723459705578404,62.483847434726684,17.88100354694011,-5.234257401922626,22.62759721576524,1.2017913884316038
2011-07-01,-11.387766858917958,0.16646321163022332,0.20110341328854145,-17.013942446334475,53.78904777867288,7.705262620474329,-15.497856029148549,1.08131228493826
2011-08-05,20.33173466059468,0.014757809453657308,0.20046250162471652,-22.31289777721024,-25.437944374850918,-10.814373692193957,25.498359870337328,1.2154051565654664
2011-09-02,43.683443203157424,0.11996887014663338,0.46431055389937204,96.50999064888089,-23.838317813718035,-23.99534145455906,17.049041410592825,1.1933359511048274
2011-10-07,-30.2112800832155,0.20190226114508752,0.020809820355059093,-5.887683075812555,9.671408015473615,17.885149156822155,-85.02855152066059,1.2237731463856292
2011-11-04,-33.47704187785183,0.08138955951565016,0.2861786173920338,43.439896830244074,-40.39542423714182,-29.076981877430576,-20.995625390793915,1.1182161337401326
2011-12-02,57.94285962865686,0.2652611257226284,0.14041234965310773,-18.79137645409701,35.84039336627654,27.230944752996145,-43.578397240339186,1.236415468909912
2012-01-06,6.001180489283442,0.004919943297657144,0.07712011119070858,11.600463031771202,-34.39762272017033,-10.767737198220662,-39.70126270403496,1.4304355050918869
2012-02-03,6.503438974168052,0.3303510480914781,0.2598790729084915,-30.401649612036287,119.26092942514677,75.25818156941311,-142.28337060787743,1.1337042074361738
2012-03-02,-36.860144280219664,0.01648622100133421,0.1391763767714015,18.947435570670912,-19.218277575013822,13.996046525757144,6.158699184521943,0.9907948592814924
2012-05-04,9.845554756549024,0.18654259148676722,0.35282216283178297,35.19110435515893,29.886271051451363,-2.685309222512089,24.5949912880028,1.2414628679676796
2012-06-01,-27.163531458136436,0.8955395036149927,1.4832007780204888,216.5126769867287,122.80559131897517,141.8500053881444,227.46794368852852,1.2483516922296547
2012-07-06,-41.675168301161804,0.3187100058603778,0.4091848151020349,-54.140031604922314,-6.173953664478926,7.3488948465449955,-21.57103810935923,1.311950286864527
2012-08-03,10.73018972469919,0.24568758400246934,0.2509523179453604,-28.251803251544416,-86.36354201849494,-86.80696418092326,87.6969533438099,1.1642922482910583
2012-09-07,7.2302228625487075,1.8316845743996413,1.8988824304839906,167.51326793987164,23.344442141182142,57.27100224253823,70.98716664516225,1.1508244908258654
2012-10-05,-6.666594112690882,0.25641624629153054,0.3088812638875016,-31.383773368890424,0.24650474479637197,7.745291129107601,-20.19938312187719,1.3899803553854753
2012-11-02,-26.0116113868758,0.7053200311094908,0.712256141634008,-60.79635813899809,1.0262038801711615,80.32404451719711,-104.20687562497477,1.3088663381143864
2012-12-07,-14.484060476686045,0.618436070646532,0.15529383914304237,-13.521575334196623,-32.142480145729294,-27.716660248588987,79.86488773586319,1.44891019064605
2013-01-04,-74.06159504135479,0.42117657714779505,0.7794187232274999,76.45236516750087,23.714845402009743,-19.97215633920635,78.6443602515119,1.200420137877993
2013-02-01,-14.080095897195388,0.6941679224250527,0.7588961574676841,64.58792907265698,-37.493019916504664,,-20.038810249444204,1.1284391321078302
2013-03-01,4.6944373924140415,0.23410231852568944,0.22690312586374434,27.92243479834644,-10.790801693462138,-68.15558695335122,-60.327968500192284,1.014730559505726
2013-04-05,10.622668135864544,0.6917766125763172,0.817435307347283,80.48182239219992,2.05616589555202,0.890792367793658,86.09077206156002,1.3346741180187909
2013-05-03,-22.87436973594903,0.21709828085746338,0.29623270253966283,-78.57082742856014,-54.333419413978845,-36.18807537928204,48.860742608036745,1.611458470788042
2013-06-07,-12.388138021018902,0.06645743301550026,0.36161515632348523,-75.19845960838434,77.37780348334167,128.8914689836007,-133.78458760631594,2.7540681384567183
2013-07-05,-30.72555967144619,0.5768840763408525,0.4646181146561348,-103.63215371436252,104.68063224653434,88.69489982900159,-33.057041762064586,1.3658780851829997
2013-08-02,-13.22896418334274,0.9045119932372857,0.9450177873269737,166.61155382506453,-8.379589686422495,16.606476143938842,-14.873294495812983,1.3059705619372526
2013-09-06,107.0939959668582,0.24625711074821457,0.03687414423045141,-6.513398888782218,-46.32118212639868,-31.579666540986207,38.90704567086401,1.266323168051623
2013-10-04,-7.728754453792952,0.0498961255040252,0.0181109843301838,-3.7782214364001643,57.24119742027467,51.43510937645313,-55.248912307199745,1.4189482428890356
2013-11-01,-83.68739199009934,0.01493217044107176,0.036806285954562104,6.0120827643106445,-37.22969964112699,-48.07156620668884,5.98565344587465,0.9734836712577677
2013-12-06,-127.42465202892683,0.43346892363961403,1.6019682085667888,225.22236707005928,-64.01983131934853,-59.27314443023857,64.231626347242,1.2210951620021373
2014-01-10,-50.567205545342105,0.6578872253419965,0.6608617793842547,89.52338312507857,33.25675351315782,39.444994644788345,21.972563879020246,1.4415129326291667
2014-02-07,-35.446465150245075,0.5414595535855513,0.10378344150702058,13.02142298173603,-4.982806145037433,21.339581412544995,2.3483925154543783,1.1507783726987575
2014-03-07,9.628240269603516,1.1541270300372772,0.9380158487924648,-108.6252521327169,24.49674474294894,-26.20669011449417,0.9039686464840102,1.5338245948856546
2014-04-04,11.329776794475332,0.33357836870366464,0.598568141140361,72.55868951133948,-23.497861959963508,40.268311811897384,24.374848787087622,1.1206025125650432
2014-05-02,17.005968058694254,0.3305531818492125,0.11233877536740478,-13.111949294238867,19.689852697944985,-132.3857388931593,111.44215224846432,1.271362038830574
2014-06-06,8.022894328842956,0.18250849852104212,0.03364089885654479,-3.033041041581308,60.074025469351035,31.85261159562525,-21.373102380666253,1.0135850466667184
2014-07-04,-5.987747797876475,0.0019707540104994064,0.039454495289911656,-3.786191031305286,10.723406123086532,7.548763308242723,,0.9986391492837928
2014-08-01,-30.94849971962299,0.43816903366478616,0.8251933475280098,88.04746662502971,-3.261934501285202,14.734812076973025,13.519809190374321,1.47516580206177
2014-09-05,-7.036490472257517,0.5590639554289997,0.4236663537855767,37.42771534987366,-6.360595695614757,-10.576018385395347,5.418139172832515,1.0723836042248895
2014-10-03,-9.848122005773341,0.3330758909068336,0.3950180989827104,-41.96311290302512,49.954581070189576,53.936799652793965,-78.57495663043501,1.2386924581295875
2014-11-07,44.60030974505314,0.5433005138450907,0.24765143377146775,31.565163814872843,41.53282418857707,126.47625174411647,158.94618380785542,1.2846029149621
2014-12-05,1.7466132919352617,0.7610237176114706,0.30461155927062733,-51.273436203751466,44.057822608788435,39.17548038536833,-37.75046059074527,1.3034986944623386
2015-01-09,-1.2133448119600043,0.09613417876866767,0.1798385701024367,23.58879955092652,19.63372075067582,20.498460968301213,41.4916584564029,1.164127456208477
2015-02-06,-59.344770961591294,0.4403094994855136,0.9093908246574376,-147.04640003046165,5.293373662266232,72.28373448920689,-112.45167388414079,1.1544705956096586
2015-03-06,-15.405747303994799,0.6836949717419462,0.9886174274151457,-117.21415668695889,46.79524499384136,63.03395659296829,-155.03212533095058,1.716123088738864
2015-04-10,61.77495376395336,0.20887200895900337,0.16667979465543092,20.235172030145243,18.966136049143323,16.161255723345924,26.52188615754225,0.9676091320837847
2015-05-01,-41.27990097896661,0.3378867846424387,0.25868432853840745,-31.832168615832934,-1.6820721766541702,6.0384261936519135,28.21622846202576,1.0551034506148185
2015-06-05,-15.174055340670956,0.5746821074494985,0.6340139997504456,-67.05035481220811,13.89829941899512,-25.88520767522029,41.343476563386886,1.2418685744069096
2015-07-03,12.397090450815273,0.006750247259842839,0.05336113181993592,-5.340053220962426,10.138261070060661,12.786186640680874,,1.0787790009989886
2015-08-07,-12.93225655987107,0.3160859328725832,0.38181755186017036,-52.98193366887194,-78.21372033726792,-91.50328602579138,57.58658356890045,1.1398424891891918
2015-09-04,-14.409772688280809,0.3877080629986322,0.24241809514149842,-30.850789185532523,-2.7146626161056453,-8.175242187644649,22.373642054767107,1.1861721473710733
2015-10-02,8.950638983682424,1.4669353704831833,1.778131883582512,205.00517375998672,67.22703907163341,45.147483839653724,43.14426280141781,1.1330306305567197
2015-11-06,-14.484976121437176,1.2861545468630218,1.3136688686835198,-158.9155373944684,0.5965847815814218,15.010990927321055,-57.114461399898616,0.9904274246113064
2015-12-04,83.46111202849559,0.3897417990341767,0.17622106796078438,20.77913570773582,89.73792082013875,154.0425488202968,217.1316316099592,1.0359069123540738
2016-01-08,-18.118064391327017,0.2342440102966257,0.11173708537137354,12.46001331979496,28.214819731837704,38.66475296584903,77.28411085112575,1.0254828752740521
2016-02-05,36.777015036952854,0.0946556745659045,0.8379354797638154,-90.8828060605793,5.800863161471437,-64.41919510846273,27.83344035189872,0.9413364453118078
2016-03-04,-5.869481904281493,0.19497521029468054,0.22156468677554347,41.00739965262168,69.83188926420469,47.47873389516322,68.87354998067696,0.968208055203756
2016-04-01,-0.579782301881604,0.22243602270962157,0.7296192179913132,-118.07565989539026,49.684491783329456,44.15761008937036,34.921521972739455,1.128369740580227
2016-05-06,27.55620127912861,0.5281924496291542,0.3971086154269915,53.389635556178035,-1.2527036874843134,23.02958048388426,-4.30883528420245,1.0657349080607712
2016-06-03,16.375714761371896,1.3611026383336813,1.7363664092725863,200.4877084294443,37.87022200398171,20.538275657095983,48.765280541700484,1.322184325758862
2016-07-01,-6.684486972178272,0.017500863001269677,0.04117175502920223,6.726431352739315,20.10955776948098,18.63410790706288,47.285546732813714,0.9945002852836585
2016-08-05,-48.732157210159556,0.6099145523213472,0.5952336088741033,-66.9304481952282,55.91130757228835,68.40899833735148,-85.31371095723772,1.516565165194996
2016-09-02,-22.11606645876052,1.4545003563118495,1.0809438129697493,104.90302726714474,20.191829946980544,-20.403579474512767,24.71419485645221,1.1901995502072478
2016-10-07,-1.6410210656137014,0.325940744317624,0.6640300149078296,69.02582243787592,-43.833012798575325,-159.2215693714105,-67.95917148128217,1.1163798860587792
2016-11-04,31.32467134502992,0.275017665985936,0.26303452471063943,22.070251787378314,-14.30201020784283,-16.00982722329114,-3.7257981076921354,1.1885256350083953
2016-12-02,-32.34703258537919,0.05806170669162149,0.08763843933110618,15.081642413063978,22.4306444983724,12.257765240986096,9.947013189806064,1.2434578316075842
2017-01-06,34.18238892000103,0.13703461948567916,0.32190972743083035,-33.67574582870181,-15.53722806659108,18.179961188846683,-36.8068955551204,1.0764216481588869
2017-02-03,-23.88718658363875,0.14533938659130102,0.4100100590154469,44.255825090411264,-2.055076037813519,21.278257295520575,13.539044505597175,1.1731224337868882
2017-03-03,23.995894796000616,0.07142053404044996,0.20602403755309445,-19.713063601850543,15.21294871481782,38.726460027844745,43.21285878151393,0.947482021038816
2017-04-07,-2.0972407434505236,0.4753457985595956,0.15101728265820816,12.332779229002888,4.640837153260247,6.115310967711451,-78.79145326985638,1.2384614768311921
2017-05-05,-14.513011658637831,0.007645747053193847,0.30529550195766797,-30.143758168076353,3.2689676453612204,-6.635637935168415,9.05377838516408,1.103743980847542
2017-06-02,5.677406063295809,0.8228678034474755,1.022907362051598,82.93495911459115,18.685070557937777,42.61672671179717,40.53537164754539,1.0646860279483357
2017-07-07,9.93278691409527,0.04135575798478427,0.3198947133315768,-27.22979741194176,30.78890943304824,74.01227456655613,-57.055825909420044,1.0695319537651493
2017-08-04,-10.102792466980537,0.5447416572275022,0.5289585381944173,-41.88717824169408,52.630682900233204,50.45307998176929,-29.508499184188743,1.038361446058973
2017-09-01,10.719190574088877,0.5502292299113911,0.3256458707638827,31.85421450953685,-45.254728696277894,-8.582012208130374,11.76864586570181,1.0638449514668975
2017-10-06,0.7371317297777402,0.0619379044207435,0.23356088370673717,-22.7705675141221,33.21652767187988,-69.81870760527364,74.5475591303979,1.0648462686676448
2017-11-03,9.58397546753309,0.07512123466775052,0.02483307056850359,2.0332736018402464,-6.866289105630363,-79.25021533043086,-49.44276519131985,1.0043400199884023
2017-12-01,-4.626113942756138,0.09869209499546315,0.14613546564926583,-11.598093315818847,-20.525406424252157,-111.4427079242919,63.92582250047685,0.9653737793992127
2018-01-05,-7.899987598193325,0.440709281736763,0.3455054017295865,25.551975040138952,-23.571172751026825,-5.883328373771368,-13.941722315073957,1.0977036934546207
2018-02-02,-20.427305115724437,0.42768183807798943,0.9121842042235375,-82.06221720297391,28.841435779113354,39.84987470830647,-75.52523792988764,1.082032337487541
2018-03-02,35.27484126511382,0.07722452521891571,0.20751931093141956,20.438474103763316,-11.394873703357566,-30.47817328738045,2.592649423154292,0.9961354482775134
2018-04-06,-19.877413807293244,0.5122510219029973,0.5791964967826994,55.628425717066946,21.77772428423097,17.78702213128147,33.06904178012937,1.1113572083921135
2018-05-04,1.4919968297921749,0.17956446684268065,0.13407092422519495,12.311906724047361,-10.231428433157275,-10.757289559329974,16.103544342098708,1.1813744289783321
2018-06-01,-39.603327895620936,0.058695707748550284,0.0632972876243221,-4.783195298097009,-10.552804610766131,-30.63019184457616,1.2756137441582993,1.0772960027898428
2018-07-06,-5.335032050006738,0.12189835003698615,0.05151352867672965,4.023327331539317,-1.871488470437388,-8.87165172794191,-4.145147867499199,1.0186684418661809
2018-08-03,68.37787054027933,0.12163614221923182,0.12512237637000737,10.800858956858672,24.62986229761377,37.30923798969776,-2.0672447539560324,1.0147211004336467
2018-09-07,15.834982810709608,0.3638038222426938,0.6765830071379284,-61.12625075409328,-31.02737793539756,-29.449217994539367,16.920218782361385,1.007471664884545
2018-10-05,24.66428473157256,0.21010785283437736,0.16352263913299864,14.335465700932026,12.695325072165087,-18.770974591492127,-2.6702957217539236,1.0597347390227985
2018-11-02,10.70926276268036,0.30427372287719884,0.38792694784792553,-35.606735206022975,-26.200309285513423,-23.263437407461396,18.157423644378223,1.0983800036624345
2018-12-07,3.172858713447191,0.36556479103031253,0.3148760354192802,22.206996614542174,8.135246972909016,22.290496278214444,36.23957866220717,1.0789572890620958
2019-01-04,-33.4571385205884,0.22178066230236274,0.4285320259156747,-29.500662631459782,49.94156642403213,23.046964116303357,-35.423114813867286,1.0753482538490757
2019-02-01,24.832606536129287,0.03842734650568868,0.18468068022140086,-12.183125236474579,16.186954973519406,12.035093833575594,-9.097570304318348,1.1842968225016979
2019-03-01,-23.757169642616425,0.003051447403192025,0.03646479646844187,-2.7450891809399636,-38.42265301276848,15.241917571099384,-94.11530464947914,1.0494212332152084
2019-04-05,2.146668614424474,0.4745148019379765,0.09305681807533957,7.693806640616252,-12.077654674305105,1.7806798558273051,0.5187197840883506,1.1123467559376727
2019-05-03,13.183630260171775,0.14143312827524254,0.502563226247423,34.67642411903782,31.64652399358925,30.538112324010047,14.675683837124254,1.1074319056864037
2019-06-07,13.429512655076525,0.701105106407161,0.5663863897964729,41.027155767094925,-11.889588064685208,4.568908410702566,-12.485370742526536,1.1028449839600458
2019-07-05,0.258184355657054,0.773681216876329,0.8156694064774193,-118.17111168484051,40.431667189791966,-16.509806209306088,24.025651221128985,1.2137300641261741
2019-08-02,-15.574121597654589,0.032346417640878415,0.18958668614007176,-24.818981144810735,-42.05272845678287,-81.15451063997358,48.84409062544171,1.1392052588697381
2019-09-06,-23.414860322242824,0.4651608097347582,0.591492134065314,84.08633704910962,31.678468319886743,13.144770238109338,-87.54291884347066,1.1378974970787994
2019-10-04,3.5233360523467816,0.17766225674873953,0.4980140766916935,-67.80115901116379,-12.48654352259182,-33.479815867685225,41.00910486861898,1.2166047753844742
2019-11-01,-8.637808079341447,0.45325950199387377,0.2198946552839373,-20.470080662771117,-25.607761631656345,-10.997015190601367,30.169682916632024,1.1580952601457932
2019-12-06,29.861382106923795,1.0295659620432678,0.9958471902239772,-69.24469254842136,47.85228545254539,56.64189790217877,-52.83313288519387,1.2129550781140566
2020-01-10,-12.960467350582316,0.39593075618831436,0.03525652325807552,3.550998799115579,31.47327047069437,72.05000613136559,19.41858637961147,1.1591725765936753
2020-02-07,-10.244028066722644,0.12692745620748508,0.19028937084368786,17.911889603725584,34.60855312459099,-12.946717560661236,29.79985916854222,1.1718892506444207
2020-03-06,47.75743659201082,0.25236360554182585,0.15525815860802034,-25.07303048310372,-45.94056901272792,48.607508538531796,105.12562152982241,1.1207595450672707
2020-04-03,9.625145460399054,0.01996682720615161,0.07996017778834673,-26.621483320605765,-14.198820691835312,-15.531897743690237,53.91211612031377,1.2142397303408599
2020-05-01,43.04752566409719,0.031224399938950452,0.04297740441035753,-7.292665067241133,-28.566407215773193,-108.90384231581285,122.0193679645165,1.1752816794759633
2020-06-05,-48.865351052812535,0.4906749119833174,0.6089240300833886,-77.44806423927497,37.639998459683135,59.54803565239697,-34.48827434218038,1.220436192611963
2020-07-03,-2.438623974039267,0.04341850758423792,0.026035834266528557,2.8814328410686763,-8.934655651107182,-2.4779379051287354,,0.9791423476116562
2020-08-07,-73.13304887321736,0.25235873844884366,0.3638642078115418,54.89527378112369,-128.93269215139446,-138.57177135124243,-143.6424170919115,1.428638761730154
2020-09-04,24.348810725771663,0.31079428959857947,0.4704099446312855,-98.69433048687037,-24.383452561564933,-13.524098501862536,65.43977391308964,1.3707810458723775
2020-10-02,-2.468935399245753,0.0581754230675139,0.015082517091578592,-2.034821371752482,33.074541482656095,13.306301633950746,-38.08535940111102,1.1326752742912485
2020-11-06,36.605400965190604,0.1470006468469252,0.17051634252691736,19.78843232238292,-71.9165345491124,-35.4477502407724,-7.635717649948637,1.2200028476297298
2020-12-04,7.209317492580247,0.034904244845675496,0.024629211302984913,3.033172369728554,-10.739114973137287,-44.213338111098736,-12.83671577940293,1.338368632989599
2021-01-08,-102.2305515746147,0.3474398613108772,0.25681529629614275,32.292265555553534,-137.42354381346965,-161.85093029458474,-193.88570897355794,1.1898496769471656
2021-02-05,-9.617242102951673,0.2904256443788384,0.023061773446461552,3.2774616087660746,37.54773777661313,69.14346378715575,36.53473598347334,1.2054936712341897
2021-03-05,-3.580571553523093,0.0749028873195618,0.0162961627832406,-2.585420586315168,-14.808825493828337,0.3450084792477881,53.49039548457224,1.310087289759934
2021-04-09,-47.25758919630341,0.026814464531958675,0.21838637020513083,-24.653716757656596,-37.443728499682024,-50.11517267832666,44.93362693504643,1.1553336440178996
2021-05-07,-2.9491690242167135,0.8400611228170877,0.8248811151138067,90.08753890312526,14.258828389155376,-6.989087486753975,-17.547650454072805,1.538089592138687
2021-06-04,-4.774976238680617,0.30538544203407797,0.7820840540673365,82.9777792035591,22.67160063197382,37.802792867578376,32.40201512376917,1.1618604163787163
2021-07-02,16.166782478459485,0.24087126428023395,0.45400662918473167,58.54894960590107,-35.22522371645631,-41.365912478437124,-19.454818486823733,1.1745941409487928
2021-08-06,-1.249920143991945,0.5912904391216968,1.7140907392597102,-154.2066459616964,45.02762064617527,57.75238843327091,-59.98133888821644,1.2045981446066945
2021-09-03,17.479018690571557,0.45398247887741305,0.7095555599243198,64.64660270529166,-13.88120372761037,18.587671026970565,13.768949417385379,1.2695356586907383
2021-10-01,-1.7481769622795795,0.07119886007197102,0.13393221532700364,16.380971831175817,3.0270756683470346,22.431114806755748,23.94038113246122,1.0337175433138963
2021-11-05,-25.02785820756803,0.08606057770535101,0.19632000706991834,21.07302516068499,27.31254572972075,75.03572068926712,116.44443553515238,1.157783255973875
2021-12-03,-6.061769630166802,0.1280949283864535,0.014663699065160673,-1.901278715876753,2.297226656871043,-39.60667410745744,86.27617130953612,1.1717137102754192
2022-01-07,-5.567256820099287,0.3096283737434104,0.1294835820421412,12.52981175655865,1.049590352699692,-1.65533797647055,24.031884084649846,1.21062943717371
2022-02-04,31.935376784331115,0.8160147593520374,1.1166225970237922,-99.97396827217675,-73.03438075368484,-57.491594918233076,28.02320248991519,1.0580467162141107
2022-03-04,42.90598718759364,0.029339006983623028,0.09680374567424646,14.956538105233008,-3.691831194484463,62.376029694850565,101.40721033447875,1.0235170233548396
2022-04-01,-3.77823153386192,0.006462056368153513,0.12514795450132504,-20.11846214744817,-20.026632955816304,-5.243525414226902,-11.473456599444543,1.0614928988508194
2022-05-06,54.914448283736036,0.11540275561711029,0.36593712055072636,-48.376740533198074,-36.42760456839645,-78.79272471710274,36.147658840539606,1.1599832609712852
2022-06-03,-5.598746824561074,0.2861631100616109,0.20413670172327059,-24.457263909331004,-23.097185144862475,29.565365195329818,-45.33911820820968,1.1709040411079759
2022-07-01,-46.6993559372364,0.06593743111157227,0.295849699144189,38.12702327646189,14.688758916980849,70.16475500889908,77.0908896235123,0.9743707505349753
2022-08-05,-9.513706355138707,0.6173085970927833,0.9731751652254327,-116.49526433152535,-40.01908337040394,-44.53257761527496,33.429834253517754,1.077266929644461
2022-09-02,8.528261531788317,0.16205294293572464,0.1174110627247683,11.799202439597423,32.76687370988629,37.10728368826022,16.32193306982277,1.2600764087301175
2022-10-07,-2.6330524354412077,0.1205195466805288,0.47655240556358086,-67.81384181096529,25.51663083939615,-13.614755970361436,-19.86000287246048,1.1798719488511038
2022-11-04,32.03588992298112,0.12048987489281243,0.5285723708801507,72.83524207719827,30.64692718609985,52.03570912940991,105.99643871216146,1.1567668690732185
2022-12-02,-17.70481248994038,0.5469305686459205,0.7907759974866381,-87.46622335397802,-9.403491098654015,-56.49105911130326,64.01365833622607,1.2019302409951806
2023-01-06,-12.76914126913109,0.1440622544660632,0.5730967738900031,66.34282262812485,19.970242120925796,72.13039361558148,157.82737359271826,1.2096643245968455
2023-02-03,1.0215625465370692,0.9161939303591793,1.2993520950159199,-156.20473157201832,53.2049846234206,93.39268824235636,-162.29966258962557,1.397015131924669
2023-03-03,20.989456433853082,0.02329197050650355,0.06567001398099129,6.129859890464662,-29.583349117613402,-12.980090159807611,44.95145578496506,1.0164309641377642
2023-04-14,-11.42585332244761,0.11835420726480557,0.44408774745853724,-60.918403165587385,27.231462242587323,130.20521398777407,-93.46274493435725,1.1453352530879817
2023-05-05,-32.14021434977177,0.6089198358673914,0.8348058183015654,-118.40032959174907,44.274766244010166,-15.278998441998759,42.37919528784051,1.174255733236055
2023-06-02,14.42234704721379,0.13879980652290075,0.34411618981938047,-36.93878066651446,29.272585258971475,46.21279746809704,-115.63977196648368,1.5012904716783393
2023-07-07,35.30662181959521,0.09394845584267275,0.2190902922289944,-20.123190461196483,-37.50622213727573,-71.1168452844868,37.83476663041352,1.52764771859421
2023-08-04,-2.0926779552288277,0.2931691410066188,0.6260457731630893,53.96824000511336,-3.8343656955508454,-11.160834913829243,-6.991927244840435,1.3432182201775813
2023-09-01,14.63860226950997,0.37586212044306244,0.19783984713221892,13.62028515496716,-39.00145998886329,-58.83575510162164,-41.516027803936154,1.0535430324728898
2023-10-06,-9.141119114546292,0.39823391914120815,0.21136779793632,-17.776922971247664,-39.86424741541761,-88.46488379006257,72.15090226474486,1.1375008453983408
2023-11-03,13.128010180247784,0.5133636611716114,0.40038183382699644,48.12738789462978,-11.892292948650907,-19.6295378140654,-32.379856947273296,1.1051478531067889
2023-12-01,-5.498721541112861,0.09139218163626163,0.03479179911424336,-3.1813489066534473,-50.29946584420797,-93.70422441904003,156.27761739233082,0.9870850650408093
2024-01-05,-18.647356945161732,0.5560727234136301,0.20232990849012628,21.501685565430417,67.32688769718553,39.38818647982289,75.04755146892083,1.0632398073141216
2024-02-02,-11.240328937763833,0.7960839231419506,1.116107136999606,-107.73873606165219,-11.235188719407319,-15.027034134240669,-19.76502398989055,1.0466787705224532
2024-03-01,30.65985792774617,0.012421081189724561,0.04183943137599582,3.1192428038107067,-7.893121290962757,112.74495473635903,146.45647056532596,1.0342959017372726
2024-04-05,30.62158319263819,0.30546859564005735,0.20320080788566577,-25.193304721403685,-31.8931568331271,-145.750198650052,144.9272198597651,1.0770433680698401
2024-05-03,-13.106504758093607,0.4543892675432097,0.2498177632370264,44.327073134990954,-55.15726856298087,-54.305293302780996,-20.709719238383162,1.1175121896129248
2024-06-07,-168.1829959070702,0.38446328391812473,0.2671995561769977,-35.39466551826686,60.44056462797265,73.76931098616369,-159.4977262220887,1.1312325107315926
2024-07-05,5.574286831619979,0.029422112716024115,0.2543822259826485,25.28052915447443,22.121054451680333,60.5025696206285,66.03862849883902,1.1879726148057836
2024-08-02,-21.00174676036959,0.4565642035872287,0.2260203900849549,30.510516867288118,38.0677955783737,-157.58159921266835,-108.52771380160387,1.2279341854790233
2024-09-06,-0.828516875319707,0.2979910784674963,0.006883509220197326,-0.7590399773627077,39.18891018027448,10.937364313788889,-80.07883486865097,1.4416442507915932
2024-10-04,-14.298813254868259,0.5013233174651691,0.5186705681967106,-55.86592178770999,-29.83450713553104,-55.682123516034295,32.09191609174988,1.3902518831943393
2024-11-01,4.836812140762703,0.26945273411475545,0.3275142616164495,32.25284661450445,-21.243153856521644,-41.75078660902165,-92.75355912502614,1.1347655171949702
2024-12-06,-16.567542995682416,0.19332170550176125,0.009322437464385984,1.2275053013244275,8.422650099593199,17.736887034052184,-7.478000666272244,1.2604775815998086
2025-01-10,5.119064967287201,0.2369777998905912,0.3374360001172954,31.154300055271644,7.810923528155378,15.701892268822348,69.91623664343693,1.945465258557508
2025-02-07,-2.8680604893671635,0.1529513463815705,0.16895768895729416,-17.712691552090874,-70.31877670517383,-27.527527089783455,4.235164731827279,1.588793958950453
2025-03-07,-15.716937442477041,0.1519834581688786,0.08157836638647807,-10.40289770483871,-69.51595053649618,-20.272406706032253,-43.436540572312495,1.2547978048752328
2025-04-04,13.535649778277925,0.45288142759283684,0.5460188917414113,-65.04893239870357,65.25871848191755,168.7318115290537,-131.71503844593312,1.36462223402096
2025-05-02,-0.04602412891574481,0.0074110210260352905,0.1914621171160412,-45.57943877918858,2.311753881434342,5.548209315443531,-32.826905116372096,1.284864408561214
2025-06-06,-2.3425348519034994,0.1254477634609442,0.15408748941685005,-29.449317267975506,20.87681737151903,49.6382426625841,-116.73877925188148,1.703607343706683
2025-07-04,-23.47076586217467,0.03857445918782706,0.055617972007574616,-7.636612384352981,-2.1709114962753517,2.6104948192928745,,1.1176564533932698
2025-08-01,45.31678624122071,0.7851867561727145,1.1065447101377077,129.5779988621204,0.6876879929684776,19.530339000282115,45.252859885067664,1.6635549094067477
2025-09-05,18.887201007844467,0.8367722159753709,0.6360684294470015,63.88979179697385,54.52423402556583,35.36325567243814,33.59250734469299,2.594528721425781
2025-10-03,-1.9757424884259134,0.08844731217477027,0.18695214179901726,22.203348089409047,19.811811677385993,34.94151235026166,38.09218826063221,1.0242071900357634
2025-11-07,-27.274497614931946,0.018014507192937373,0.003906206916835993,1.063290822549412,-1.801148231997951,51.607900036272355,26.0972176108476,1.0628660766218774
2025-12-05,19.836620105051495,0.048215216386763404,0.04135858954811089,6.697551790859624,9.833027403807204,-51.5968340720907,-71.11525677885533,1.0193542003827403
2026-01-09,6.360856405933646,0.21826567839417804,0.17217756699858222,27.4895551874077,18.389459251582085,40.133097013677066,32.360403970166374,1.1824332465146643
2026-02-06,141.1309272355621,0.09756907327533058,0.07610524718621038,33.94636413357244,33.85181937034743,15.753530333666443,63.5541159387909,1.0513269354358026
2026-03-06,-71.47342464415618,0.32225386106531634,0.04743671496733181,11.908646019309632,115.03467545366908,94.23628037847686,63.102366831515596,1.1023406658828134
2026-04-10,28.05133393056769,0.07175945491841289,0.04478575036335433,17.103685622228415,11.181778835522849,7.618700293747782,-38.26851150298016,1.0903395080006657
2026-05-01,54.36322875881139,0.0525344770483551,0.10813173487323631,-22.62617923887822,-91.83131344362661,-98.94048329290861,36.60188213366666,0.9527366620423907
2026-06-05,9.96437930547378,0.2539417862941234,0.6377211651102391,-119.56549732550891,90.08498519360253,147.1346537638163,-222.36224612954047,1.3293760077989627
2026-07-03,-6.427250584973843,0.002819506734234045,0.009244284374526401,-2.3953013768196474,17.214363751366648,16.363828033657548,,1.3122246497122696
2026-08-07,46.57109259093018,0.7032696105389813,0.4830304292407567,86.91022099928335,-32.22426802494738,4.416173776435883,-8.970352983390661,2.006239051372141
