date,USD,EUR,GBP,JPY,AUD,NZD,CAD
2008-01-01,3.84,4.48,5.66,0.85,7.18,8.75,3.58
2008-02-01,3.06,4.36,5.64,0.85,7.69,8.82,3.27
2008-03-01,2.79,4.6,5.9,0.84,7.9,8.91,2.19
2008-04-01,2.85,4.78,5.92,0.84,7.84,8.87,2.4
2008-05-01,2.66,4.86,5.83,0.84,7.75,8.71,2.65
2008-06-01,2.76,4.94,5.93,0.86,7.81,8.68,2.61
2008-07-01,2.79,4.96,5.83,0.85,7.75,8.46,2.37
2008-08-01,2.79,4.97,5.77,0.85,7.31,8.2,2.47
2008-09-01,3.59,5.02,5.91,0.87,7.27,7.95,2.12
2008-10-01,4.32,5.11,6.13,0.89,6.03,7.43,1.56
2008-11-01,2.36,4.24,4.45,0.88,4.76,6.25,1.78
2008-12-01,1.77,3.29,3.17,0.74,4.39,5.23,1.05
2009-01-01,1.02,2.46,2.34,0.72,3.74,4.38,0.8
2009-02-01,1.16,1.94,2.09,0.71,3.16,3.4,0.73
2009-03-01,1.07,1.64,1.83,0.65,3.16,3.24,0.41
2009-04-01,0.89,1.42,1.53,0.6,3.1,3.12,0.32
2009-05-01,0.57,1.28,1.36,0.57,3.13,2.82,0.18
2009-06-01,0.39,1.23,1.24,0.56,3.25,2.78,0.23
2009-07-01,0.35,0.97,1.0,0.55,3.14,2.79,0.23
2009-08-01,0.3,0.86,0.77,0.54,3.3,2.76,0.23
2009-09-01,0.25,0.77,0.61,0.54,3.37,2.77,0.22
2009-10-01,0.24,0.74,0.57,0.53,3.78,2.79,0.22
2009-11-01,0.21,0.72,0.61,0.51,3.95,2.8,0.22
2009-12-01,0.22,0.71,0.61,0.46,4.13,2.78,0.2
2010-01-01,0.2,0.68,0.61,0.45,4.2,2.78,0.17
2010-02-01,0.19,0.66,0.63,0.44,4.16,2.73,0.17
2010-03-01,0.23,0.64,0.65,0.43,4.33,2.67,0.23
2010-04-01,0.3,0.64,0.66,0.4,4.55,2.69,0.34
2010-05-01,0.45,0.69,0.7,0.39,4.81,2.89,0.39
2010-06-01,0.52,0.73,0.73,0.38,4.89,3.07,0.52
2010-07-01,0.41,0.85,0.74,0.37,4.84,3.23,0.58
2010-08-01,0.32,0.9,0.73,0.36,4.74,3.25,0.66
2010-09-01,0.28,0.88,0.73,0.36,4.82,3.18,0.85
2010-10-01,0.27,1.0,0.74,0.34,4.81,3.18,0.9
2010-11-01,0.27,1.04,0.74,0.34,5.02,3.17,0.95
2010-12-01,0.3,1.02,0.75,0.34,5.03,3.17,0.99
2011-01-01,0.29,1.02,0.77,0.34,4.96,3.19,0.96
2011-02-01,0.28,1.09,0.8,0.34,4.92,3.13,0.95
2011-03-01,0.28,1.18,0.81,0.34,4.92,2.69,0.93
2011-04-01,0.23,1.32,0.82,0.33,4.9,2.65,0.97
2011-05-01,0.21,1.43,0.82,0.33,5.0,2.66,0.96
2011-06-01,0.22,1.49,0.83,0.33,4.99,2.65,0.93
2011-07-01,0.24,1.6,0.83,0.33,4.96,2.71,0.92
2011-08-01,0.29,1.55,0.86,0.33,4.86,2.9,0.87
2011-09-01,0.33,1.54,0.92,0.33,4.81,2.88,0.87
2011-10-01,0.37,1.58,0.97,0.33,4.73,2.76,0.86
2011-11-01,0.41,1.48,1.01,0.33,4.62,2.69,0.88
2011-12-01,0.49,1.43,1.06,0.33,4.51,2.69,0.83
2012-01-01,0.4,1.22,1.09,0.33,4.41,2.74,0.83
2012-02-01,0.3,1.05,1.07,0.33,4.37,2.75,0.92
2012-03-01,0.29,0.86,1.04,0.33,4.44,2.74,0.92
2012-04-01,0.29,0.74,1.02,0.33,4.2,2.74,0.98
2012-05-01,0.29,0.68,1.01,0.33,3.66,2.59,0.99
2012-06-01,0.32,0.66,0.95,0.33,3.49,2.61,0.88
2012-07-01,0.3,0.5,0.82,0.33,3.55,2.67,0.89
2012-08-01,0.26,0.33,0.7,0.33,3.62,2.64,1.0
2012-09-01,0.24,0.25,0.65,0.33,3.49,2.64,1.01
2012-10-01,0.23,0.21,0.54,0.33,3.16,2.65,0.98
2012-11-01,0.23,0.19,0.52,0.32,3.24,2.64,0.97
2012-12-01,0.24,0.19,0.52,0.31,3.11,2.65,0.95
2013-01-01,0.23,0.2,0.51,0.29,3.0,2.66,0.92
2013-02-01,0.22,0.22,0.51,0.27,2.94,2.66,0.95
2013-03-01,0.21,0.21,0.51,0.25,3.05,2.64,0.96
2013-04-01,0.2,0.21,0.51,0.23,3.02,2.65,0.98
2013-05-01,0.2,0.2,0.51,0.23,2.82,2.64,1.0
2013-06-01,0.19,0.21,0.51,0.23,2.8,2.64,1.03
2013-07-01,0.14,0.22,0.51,0.23,2.76,2.64,1.01
2013-08-01,0.12,0.23,0.51,0.23,2.6,2.64,0.99
2013-09-01,0.11,0.22,0.52,0.23,2.58,2.65,0.99
2013-10-01,0.12,0.23,0.52,0.22,2.58,2.67,0.92
2013-11-01,0.12,0.22,0.52,0.22,2.58,2.66,0.93
2013-12-01,0.14,0.27,0.52,0.22,2.6,2.73,0.92
2014-01-01,0.12,0.29,0.52,0.22,2.62,2.88,0.89
2014-02-01,0.13,0.29,0.52,0.21,2.63,2.93,0.87
2014-03-01,0.12,0.31,0.52,0.21,2.65,3.05,0.84
2014-04-01,0.12,0.33,0.53,0.21,2.68,3.24,0.93
2014-05-01,0.11,0.32,0.53,0.21,2.69,3.38,0.93
2014-06-01,0.11,0.24,0.54,0.21,2.7,3.52,0.94
2014-07-01,0.13,0.21,0.56,0.21,2.65,3.67,0.95
2014-08-01,0.13,0.19,0.56,0.21,2.63,3.69,0.95
2014-09-01,0.12,0.1,0.56,0.19,2.66,3.71,0.93
2014-10-01,0.12,0.08,0.56,0.18,2.72,3.68,0.89
2014-11-01,0.13,0.08,0.56,0.18,2.75,3.67,0.9
2014-12-01,0.15,0.08,0.56,0.17,2.75,3.67,0.9
2015-01-01,0.16,0.06,0.56,0.17,2.7,3.67,0.77
2015-02-01,0.15,0.05,0.56,0.17,2.36,3.63,0.53
2015-03-01,0.14,0.03,0.56,0.17,2.3,3.63,0.55
2015-04-01,0.13,0.0,0.57,0.17,2.25,3.63,0.62
2015-05-01,0.15,-0.01,0.57,0.17,2.15,3.53,0.66
2015-06-01,0.18,-0.01,0.57,0.17,2.15,3.33,0.61
2015-07-01,0.19,-0.02,0.58,0.17,2.14,3.13,0.47
2015-08-01,0.26,-0.03,0.59,0.17,2.14,2.95,0.39
2015-09-01,0.27,-0.04,0.59,0.17,2.17,2.85,0.4
2015-10-01,0.25,-0.05,0.58,0.17,2.15,2.86,0.4
2015-11-01,0.3,-0.09,0.57,0.1,2.22,2.89,0.45
2015-12-01,0.54,-0.13,0.58,0.1,2.34,2.79,0.48
2016-01-01,0.57,-0.15,0.59,0.06,2.3,2.73,0.44
2016-02-01,0.54,-0.18,0.59,0.06,2.28,2.62,0.46
2016-03-01,0.55,-0.23,0.59,0.06,2.31,2.43,0.46
2016-04-01,0.55,-0.25,0.59,0.06,2.26,2.34,0.51
2016-05-01,0.57,-0.26,0.59,0.06,2.0,2.38,0.51
2016-06-01,0.55,-0.27,0.57,0.06,1.99,2.37,0.51
2016-07-01,0.62,-0.29,0.51,0.06,1.93,2.37,0.5
2016-08-01,0.73,-0.3,0.41,0.06,1.76,2.24,0.51
2016-09-01,0.75,-0.3,0.38,0.06,1.73,2.23,0.51
2016-10-01,0.72,-0.31,0.4,0.06,1.74,2.15,0.49
2016-11-01,0.71,-0.31,0.4,0.06,1.76,2.07,0.48
2016-12-01,0.87,-0.32,0.37,0.06,1.78,2.03,0.48
2017-01-01,0.9,-0.33,0.36,0.06,1.78,1.98,0.45
2017-02-01,0.87,-0.33,0.36,0.06,1.78,2.02,0.47
2017-03-01,0.98,-0.33,0.35,0.08,1.79,1.98,0.5
2017-04-01,1.03,-0.33,0.34,0.06,1.77,1.97,0.54
2017-05-01,1.05,-0.33,0.31,0.06,1.73,1.98,0.51
2017-06-01,1.16,-0.33,0.29,0.06,1.72,1.95,0.57
2017-07-01,1.22,-0.33,0.29,0.06,1.7,1.96,0.73
2017-08-01,1.25,-0.33,0.28,0.06,1.7,1.95,0.72
2017-09-01,1.25,-0.33,0.31,0.07,1.72,1.95,0.98
2017-10-01,1.26,-0.33,0.38,0.07,1.7,1.94,0.96
2017-11-01,1.32,-0.33,0.52,0.1,1.72,1.93,0.88
2017-12-01,1.54,-0.33,0.52,0.1,1.77,1.88,0.96
2018-01-01,1.63,-0.33,0.52,0.08,1.79,1.88,1.16
2018-02-01,1.78,-0.33,0.55,0.08,1.77,1.91,1.16
2018-03-01,2.08,-0.32,0.63,0.09,1.93,1.93,1.1
2018-04-01,2.2,-0.32,0.76,0.09,2.06,2.01,1.17
2018-05-01,2.16,-0.32,0.64,0.05,1.96,2.01,1.25
2018-06-01,2.19,-0.32,0.64,0.05,2.07,2.01,1.24
2018-07-01,2.17,-0.32,0.75,0.05,2.02,1.94,1.38
2018-08-01,2.19,-0.32,0.81,0.05,1.96,1.9,1.49
2018-09-01,2.24,-0.31,0.8,0.03,1.93,1.9,1.52
2018-10-01,2.37,-0.31,0.81,0.03,1.93,1.89,1.66
2018-11-01,2.56,-0.31,0.87,0.05,1.94,1.98,1.71
2018-12-01,2.69,-0.31,0.9,0.05,2.02,1.98,1.66
2019-01-01,2.59,-0.31,0.92,0.05,2.07,1.91,1.63
2019-02-01,2.49,-0.31,0.88,0.05,1.96,1.9,1.67
2019-03-01,2.48,-0.33,0.84,0.05,1.83,1.88,1.66
2019-04-01,2.47,-0.36,0.82,0.01,1.68,1.81,1.68
2019-05-01,2.44,-0.41,0.8,0.01,1.54,1.72,1.68
2019-06-01,2.3,-0.42,0.78,0.01,1.29,1.6,1.67
2019-07-01,2.22,-0.41,0.77,0.02,1.11,1.55,1.65
2019-08-01,2.06,-0.4,0.76,0.02,0.98,1.25,1.64
2019-09-01,2.03,-0.39,0.77,0.02,0.98,1.15,1.63
2019-10-01,1.88,-0.39,0.78,0.02,0.88,1.05,1.65
2019-11-01,1.77,-0.41,0.79,0.01,0.91,1.18,1.66
2019-12-01,1.76,-0.42,0.79,-0.04,0.9,1.22,1.65
2020-01-01,1.65,-0.25,0.74,-0.04,0.89,1.27,1.63
2020-02-01,1.59,-0.27,0.75,-0.04,0.89,1.18,1.63
2020-03-01,1.35,-0.38,0.53,-0.07,0.53,0.71,0.67
2020-04-01,1.35,-0.44,0.65,-0.07,0.17,0.39,0.25
2020-05-01,0.17,-0.48,0.33,-0.06,0.1,0.26,0.24
2020-06-01,0.2,-0.49,0.19,-0.06,0.1,0.28,0.19
2020-07-01,0.18,-0.51,0.1,-0.06,0.1,0.3,0.18
2020-08-01,0.15,-0.52,0.07,-0.06,0.1,0.29,0.16
2020-09-01,0.13,-0.54,0.06,-0.06,0.09,0.3,0.14
2020-10-01,0.12,-0.55,0.05,-0.06,0.07,0.27,0.1
2020-11-01,0.16,-0.54,0.04,-0.07,0.02,0.27,0.11
2020-12-01,0.17,-0.54,0.03,-0.07,0.02,0.26,0.11
2021-01-01,0.14,-0.54,0.03,-0.07,0.01,0.28,0.06
2021-02-01,0.11,-0.54,0.05,-0.07,0.01,0.28,0.08
2021-03-01,0.1,-0.54,0.08,-0.07,0.03,0.33,0.11
2021-04-01,0.11,-0.56,0.09,-0.07,0.04,0.34,0.09
2021-05-01,0.1,-0.55,0.08,-0.05,0.04,0.35,0.1
2021-06-01,0.09,-0.56,0.08,-0.05,0.03,0.33,0.13
2021-07-01,0.1,-0.5,0.08,-0.05,0.02,0.4,0.17
2021-08-01,0.1,-0.36,0.07,-0.05,0.01,0.54,0.18
2021-09-01,0.1,-0.24,0.07,-0.05,0.01,0.57,0.13
2021-10-01,0.11,0.04,0.16,-0.05,0.04,0.7,0.12
2021-11-01,0.14,0.39,0.13,0.01,0.04,0.83,0.12
2021-12-01,0.17,1.01,0.16,-0.03,0.06,0.91,0.08
2022-01-01,0.22,1.43,0.53,-0.02,0.07,1.03,0.31
2022-02-01,0.38,1.83,0.81,-0.02,0.07,1.21,0.33
2022-03-01,0.73,2.06,0.99,-0.02,0.17,1.49,0.57
2022-04-01,0.91,2.34,1.13,-0.02,0.41,1.81,1.05
2022-05-01,1.33,2.34,1.31,-0.02,1.0,2.22,1.37
2022-06-01,1.87,2.34,1.57,-0.01,1.6,2.68,1.83
2022-07-01,2.5,2.34,1.84,-0.01,2.07,3.03,2.45
2022-08-01,2.76,2.34,2.23,-0.01,2.31,3.31,2.91
2022-09-01,3.21,2.34,2.91,-0.01,2.76,3.64,3.42
2022-10-01,3.85,2.34,3.39,-0.01,2.95,4.0,3.76
2022-11-01,4.46,2.34,3.52,-0.01,3.06,4.24,3.99
2022-12-01,4.51,2.34,3.78,-0.01,3.17,4.53,4.17
2023-01-01,4.61,2.34,4.01,-0.01,3.32,4.81,4.33
2023-02-01,4.74,2.64,4.21,0.001,3.46,5.01,4.45
2023-03-01,4.91,2.91,4.33,-0.008,3.64,5.15,4.388
2023-04-01,5.03,3.17,4.52,-0.001,3.66,5.49,4.3675
2023-05-01,5.15,3.37,4.73,-0.019,3.9,5.67,4.478
2023-06-01,5.22,3.54,5.09,-0.003,4.25,5.68,4.8325
2023-07-01,5.35,3.67,5.49,-0.003,4.3,5.67,4.935
2023-08-01,5.44,3.78,5.53,-0.003,4.15,5.64,5.054
2023-09-01,5.49,3.88,5.52,0.024,4.13,5.68,5.0375
2023-10-01,5.46,3.97,5.4,-0.012,4.21,5.68,5.08
2023-11-01,5.41,3.97,5.36,0.024,4.38,5.63,4.996
2023-12-01,5.32,3.93,5.22,0.052,4.35,5.63,4.9475
2024-01-01,5.26,3.93,5.2,0.025,4.35,5.64,4.948
2024-02-01,5.22,3.92,5.21,0.027,4.34,5.71,4.935
2024-03-01,5.29,3.92,5.2,0.109,4.35,5.64,4.905
2024-04-01,5.33,3.89,5.18,0.109,4.37,5.63,4.925
2024-05-01,5.33,3.81,5.16,0.129,4.36,5.62,4.868
2024-06-01,5.28,3.72,5.16,0.149,4.39,5.62,4.6475
2024-07-01,5.31,3.68,5.09,0.166,4.46,5.55,4.508
2024-08-01,5.12,3.55,4.91,0.255,4.38,5.3,4.2325
2024-09-01,4.86,3.43,4.84,0.256,4.42,5.05,4.0425
2024-10-01,4.62,3.17,4.75,0.256,4.41,4.65,3.71
2024-11-01,4.53,3.01,4.68,0.362,4.42,4.42,3.48
2024-12-01,4.46,2.82,4.64,0.386,4.44,4.27,3.195
2025-01-01,4.33,2.7,4.55,0.767,4.33,4.05,3.058
2025-02-01,4.34,2.52,4.44,0.792,4.17,3.81,2.8425
2025-03-01,4.29,2.44,4.39,0.821,4.12,3.67,2.66
2025-04-01,4.32,2.25,4.26,0.784,4.02,3.49,2.622
2025-05-01,4.29,2.09,4.19,0.775,3.78,3.34,2.6225
2025-06-01,4.31,1.98,4.15,0.773,3.69,3.3,2.66
2025-07-01,4.28,1.99,4.05,0.773,3.68,3.25,2.662
2025-08-01,4.22,2.02,3.98,0.773,3.61,3.1,2.655
2025-09-01,4.1,2.03,3.97,0.818,3.58,2.93,2.4925
2025-10-01,3.98,2.03,3.93,0.809,3.56,2.58,2.334
2025-11-01,3.86,2.04,3.84,0.806,3.65,2.47,2.185
2025-12-01,3.74,2.05,3.75,1.073,3.71,2.49,2.164
2026-01-01,3.63,2.03,3.71,1.116,3.77,2.5,2.19
2026-02-01,3.66,2.03,3.71,1.229,3.96,2.49,2.1775
2026-03-01,3.69,2.03,3.71,1.269,4.19,2.51,2.23
2026-04-01,3.77,2.03,3.71,1.242,4.34,2.56,2.272
2026-05-01,3.72,2.03,3.71,1.274,4.43,2.63,2.2925
2026-06-01,3.77,2.03,3.71,1.274,4.46,2.68,2.2725
2026-07-01,3.77,2.03,3.71,1.274,4.46,2.68,2.2725
2026-08-01,3.77,2.03,3.71,1.274,4.46,2.68,2.2725
2026-09-01,3.77,2.03,3.71,1.274,4.46,2.68,2.2725
