name,class,bars,start,end
XAUUSD,metal,6366,2007-01-01,2026-09-03
XAGUSD,metal,3766,2014-07-25,2026-09-03
COPPER,metal,4505,2012-03-01,2026-09-03
EURUSD,fx,6345,2007-01-01,2026-09-03
GBPUSD,fx,6347,2007-01-01,2026-09-03
USDJPY,fx,6111,2007-01-01,2026-09-03
AUDUSD,fx,6343,2007-01-01,2026-09-03
SPX500,index,4470,2012-01-16,2026-09-03
NAS100,index,4480,2012-01-19,2026-09-03
DAX40,index,4296,2012-06-14,2026-09-03
NIKKEI,index,4342,2012-06-14,2026-09-03
WTI,energy,4611,2011-11-10,2026-09-03
BRENT,energy,4313,2010-12-02,2026-09-03
NATGAS,energy,4370,2012-06-24,2026-09-03
