year,month,source,offset_min,bid_ticks,ask_ticks,med_spread,dropped_crossed,bid_dropped_price,bid_dropped_dup,bid_dropped_spike,ask_dropped_price,ask_dropped_dup,ask_dropped_spike,error
2009,1,duka,0,307386,307386,0.462,0,0,0,0,0,0,0,
2009,2,duka,0,290637,290637,0.462,0,0,0,0,0,0,0,
2009,3,duka,0,329263,329263,0.462,0,0,0,0,0,0,0,
2009,4,duka,0,331823,331823,0.462,0,0,0,0,0,0,0,
2009,5,duka,0,328757,328757,0.466,0,0,0,0,0,0,0,
2009,6,duka,0,349727,349727,0.478,0,0,0,0,0,0,0,
2009,7,duka,0,364448,364448,0.462,0,0,0,0,0,0,0,
2009,8,duka,0,343500,343500,0.462,0,0,0,0,0,0,0,
2009,9,duka,0,369461,369461,0.498,0,0,0,0,0,0,0,
2009,10,duka,0,377491,377491,0.504,0,0,0,0,0,0,0,
2009,11,duka,0,374704,374704,0.504,0,0,0,0,0,0,0,
2009,12,duka,0,420417,420417,0.504,0,0,0,0,0,0,0,
2010,1,duka,0,672797,672797,0.504,0,0,0,0,0,0,0,
2010,2,duka,0,682728,682728,0.504,0,0,0,0,0,0,0,
2010,3,duka,0,812451,812451,0.504,0,0,0,0,0,0,0,
2010,4,duka,0,908234,908234,0.504,0,0,0,0,0,0,0,
2010,5,duka,0,919826,919826,0.504,0,0,0,0,0,0,0,
2010,6,duka,0,1051670,1051670,0.504,0,0,0,0,0,0,0,
2010,7,duka,0,1222695,1222695,0.504,0,0,0,0,0,0,0,
2010,8,duka,0,1361144,1361144,0.504,0,0,0,0,0,0,0,
2010,9,duka,0,1565084,1565084,0.506,0,0,0,0,0,0,0,
2010,10,duka,0,1700963,1700963,0.506,0,0,0,0,0,0,0,
2010,11,duka,0,1483445,1483445,0.504,0,0,0,0,0,0,0,
2010,12,duka,0,868861,868861,0.406,0,0,0,0,0,0,0,
2011,1,duka,0,930198,930198,0.4,0,0,0,0,0,0,0,
2011,2,duka,0,749972,749972,0.435,0,0,0,0,0,0,0,
2011,3,duka,0,1144627,1144627,0.418,0,0,0,0,0,0,0,
2011,4,duka,0,936986,936986,0.448,0,0,0,0,0,0,0,
2011,5,duka,0,1535770,1535770,0.415,0,0,0,0,0,0,0,
2011,6,duka,0,1201865,1201865,0.364,0,0,0,0,0,0,0,
2011,7,duka,0,1153423,1153423,0.346,0,0,0,0,0,0,0,
2011,8,duka,0,2299597,2299597,0.522,0,0,0,0,0,0,0,
2011,9,duka,0,2356214,2356214,0.554,0,0,0,0,0,0,0,
2011,10,duka,0,1825791,1825791,0.446,0,0,0,0,0,0,0,
2011,11,duka,0,1866024,1866024,0.402,0,0,0,0,0,0,0,
2011,12,duka,0,2024131,2024131,0.418,0,0,0,0,0,0,0,
2012,1,duka,0,2057060,2057060,0.37,0,0,0,0,0,0,0,
2012,2,duka,0,1739081,1739081,0.363,0,0,0,0,0,0,0,
2012,3,duka,0,1941989,1941989,0.35,0,0,0,0,0,0,0,
2012,4,duka,0,1766570,1766570,0.363,0,0,0,0,0,0,0,
2012,5,duka,0,2224661,2224661,0.363,0,0,0,0,0,0,0,
2012,6,duka,0,2322061,2322061,0.352,0,0,0,0,0,0,0,
2012,7,duka,0,2178705,2178705,0.349,0,0,0,0,0,0,0,
2012,8,duka,0,1924322,1924322,0.349,0,0,0,0,0,0,0,
2012,9,duka,0,1826035,1826035,0.363,0,0,0,0,0,0,0,
2012,10,duka,0,2103224,2103224,0.366,0,0,0,0,0,0,0,
2012,11,duka,0,1972760,1972760,0.375,0,0,0,0,0,0,0,
2012,12,duka,0,1563328,1563328,0.375,0,0,0,0,0,0,0,
2013,1,duka,0,1754413,1754413,0.363,0,0,0,0,0,0,0,
2013,2,duka,0,1857951,1857951,0.337,0,0,0,0,0,0,0,
2013,3,duka,0,1353307,1353307,0.304,0,0,0,0,0,0,0,
2013,4,duka,0,2140805,2140805,0.363,0,0,0,0,0,0,0,
2013,5,duka,0,2194129,2194129,0.342,0,0,0,0,0,0,0,
2013,6,duka,0,2552209,2552209,0.273,0,0,0,0,0,0,0,
2013,7,duka,0,1822482,1822482,0.44,0,0,0,0,0,0,0,
2013,8,duka,0,1881085,1881085,0.36,0,0,0,0,0,0,0,
2013,9,duka,0,1868162,1868162,0.3,0,0,0,0,0,0,0,
2013,10,duka,0,2591776,2591776,0.311,0,0,0,0,0,0,0,
2013,11,duka,0,1778822,1778822,0.315,0,0,0,0,0,0,0,
2013,12,duka,0,1805614,1805614,0.334,0,0,0,0,0,0,0,
2014,1,duka,0,1921748,1921748,0.334,0,0,0,0,0,0,0,
2014,2,duka,0,1765808,1765808,0.315,0,0,0,0,0,0,0,
2014,3,duka,0,1807843,1807843,0.26,0,0,0,0,0,0,0,
2014,4,duka,0,1511016,1511016,0.26,0,0,0,0,0,0,0,
2014,5,duka,0,1583905,1583905,0.26,0,0,0,0,0,0,0,
2014,6,duka,0,1541059,1541059,0.255,0,0,0,0,0,0,0,
2014,7,duka,0,1622091,1622091,0.256,0,0,0,0,0,0,0,
2014,8,duka,0,1419182,1419182,0.284,0,0,0,0,0,0,0,
2014,9,duka,0,1869250,1869250,0.33,0,0,0,0,0,0,0,
2014,10,duka,0,2222845,2222845,0.311,0,0,0,0,0,0,0,
2014,11,duka,0,2133737,2133737,0.306,0,0,0,0,0,0,0,
2014,12,duka,0,2154786,2154786,0.306,0,0,0,0,0,0,0,
2015,1,duka,0,2345061,2345061,0.308,0,0,0,0,0,0,0,
2015,2,duka,0,1804720,1804720,0.313,0,0,0,0,0,0,0,
2015,3,duka,0,1814760,1814760,0.301,0,0,0,0,0,0,0,
2015,4,duka,0,1800555,1800555,0.288,0,0,0,0,0,0,0,
2015,5,duka,0,1775314,1775314,0.296,0,0,0,0,0,0,0,
2015,6,duka,0,1836743,1836743,0.302,0,0,0,0,0,0,0,
2015,7,duka,0,2331727,2331727,0.311,0,0,0,0,0,0,0,
2015,8,duka,0,2286431,2286431,0.309,0,0,0,0,0,0,0,
2015,9,duka,0,2088415,2088415,0.303,0,0,0,0,0,0,0,
2015,10,duka,0,2519894,2519894,0.303,0,0,0,0,0,0,0,
2015,11,duka,0,2290386,2290386,0.303,0,0,0,0,0,0,0,
2015,12,duka,0,2874197,2874197,0.32,0,0,0,0,0,0,0,
2016,1,duka,0,2986909,2986909,0.304,0,0,0,0,0,0,0,
2016,2,duka,0,4013015,4013015,0.312,0,0,0,0,0,0,0,
2016,3,duka,0,4365167,4365167,0.327,0,0,0,0,0,0,0,
2016,4,duka,0,4098541,4098541,0.33,0,0,0,0,0,0,0,
2016,5,duka,0,4123627,4123627,0.329,0,0,0,0,0,0,0,
2016,6,duka,0,3800890,3800890,0.331,0,0,0,0,0,0,0,
2016,7,duka,0,3984581,3984581,0.302,0,0,0,0,0,0,0,
2016,8,duka,0,3923518,3923518,0.293,0,0,0,0,0,0,0,
2016,9,duka,0,3913852,3913852,0.283,0,0,0,0,0,0,0,
2016,10,duka,0,3056851,3056851,0.273,0,0,0,0,0,0,0,
2016,11,duka,0,4615884,4615884,0.282,0,0,0,0,0,0,0,
2016,12,duka,0,3296775,3296775,0.281,0,0,0,0,0,0,0,
2017,1,duka,0,3991038,3991038,0.254,0,0,0,0,0,0,0,
2017,2,duka,0,4018151,4018151,0.269,0,0,0,0,0,0,0,
2017,3,duka,0,4238097,4238097,0.254,0,0,0,0,0,0,0,
2017,4,duka,0,3302322,3302322,0.241,0,0,0,0,0,0,0,
2017,5,duka,0,3595114,3595114,0.24,0,0,0,0,0,0,0,
2017,6,duka,0,3335087,3335087,0.24,0,0,0,0,0,0,0,
2017,7,duka,0,3076998,3076998,0.24,0,0,0,0,0,0,0,
2017,8,duka,0,3833580,3833580,0.24,0,0,0,0,0,0,0,
2017,9,duka,0,3895171,3895171,0.229,0,0,0,0,0,0,0,
2017,10,duka,0,4188440,4188440,0.221,0,0,0,0,0,0,0,
2017,11,duka,0,4462570,4462570,0.228,0,0,0,0,0,0,0,
2017,12,duka,0,3900241,3900241,0.22,0,0,0,0,0,0,0,
2018,1,duka,0,4644118,4644118,0.22,0,0,0,0,0,0,0,
2018,2,duka,0,4826011,4826011,0.228,0,0,0,0,0,0,0,
2018,3,duka,0,3695843,3695843,0.231,0,0,0,0,0,0,0,
2018,4,duka,0,2607571,2607571,0.234,0,0,0,0,0,0,0,
2018,5,duka,0,2507497,2507497,0.233,0,0,0,0,0,0,0,
2018,6,duka,0,2326741,2326741,0.232,0,0,0,0,0,0,0,
2018,7,duka,0,2855745,2855745,0.224,0,0,0,0,0,0,0,
2018,8,duka,0,2947010,2947010,0.224,0,0,0,0,0,0,0,
2018,9,duka,0,2413919,2413919,0.222,0,0,0,0,0,0,0,
2018,10,duka,0,2956481,2956481,0.23,0,0,0,0,0,0,0,
2018,11,duka,0,2159844,2159844,0.29,0,0,0,0,0,0,0,
2018,12,duka,0,1979737,1979737,0.297,0,0,0,0,0,0,0,
2019,1,duka,0,2118624,2118624,0.297,0,0,0,0,0,0,0,
2019,2,duka,0,1739406,1739406,0.29,0,0,0,0,0,0,0,
2019,3,duka,0,2355628,2355628,0.287,0,0,0,0,0,0,0,
2019,4,duka,0,1948177,1948177,0.29,0,0,0,0,0,0,0,
2019,5,duka,0,2615236,2615236,0.29,0,0,0,0,0,0,0,
2019,6,duka,0,3508256,3508256,0.294,0,0,0,0,0,0,0,
2019,7,duka,0,3586208,3586208,0.304,0,0,0,0,0,0,0,
2019,8,duka,0,4734997,4734997,0.31,0,0,0,0,0,0,0,
2019,9,duka,0,4060606,4060606,0.307,0,0,0,0,0,0,0,
2019,10,duka,0,4607246,4607246,0.297,0,0,0,0,0,0,0,
2019,11,duka,0,2970092,2970092,0.27,0,0,0,0,0,0,0,
2019,12,duka,0,2569955,2569955,0.27,0,0,0,0,0,0,0,
2020,1,duka,0,4020809,4020809,0.277,0,0,0,0,0,0,0,
2020,2,duka,0,4658190,4658190,0.29,0,0,0,0,0,0,0,
2020,3,duka,0,6621467,6621467,0.364,10085,0,0,0,0,0,0,
2020,4,duka,0,3750447,3750447,0.854,0,0,0,0,0,0,0,
2020,5,duka,0,4179404,4179404,0.527,0,0,0,0,0,0,0,
2020,6,duka,0,4552142,4552142,0.437,2,0,0,0,0,0,0,
2020,7,duka,0,4726566,4726566,0.437,0,0,0,0,0,0,0,
2020,8,duka,0,5984020,5984020,0.487,0,0,0,0,0,0,0,
2020,9,duka,0,5147808,5147808,0.417,0,0,0,0,0,0,0,
2020,10,duka,0,4248307,4248307,0.387,0,0,0,0,0,0,0,
2020,11,duka,0,4258511,4258511,0.377,0,0,0,0,0,0,0,
2020,12,duka,0,3669605,3669605,0.384,0,0,0,0,0,0,0,
2021,1,duka,0,4751512,4751512,0.4,0,0,0,0,0,0,0,
2021,2,duka,0,5262811,5262811,0.417,0,0,0,0,0,0,0,
2021,3,duka,0,6482967,6482967,0.354,0,0,0,0,0,0,0,
2021,4,duka,0,4327563,4327563,0.337,0,0,0,0,0,0,0,
2021,5,duka,0,4709321,4709321,0.337,0,0,0,0,0,0,0,
2021,6,duka,0,4510947,4510947,0.337,0,0,0,0,0,0,0,
2021,7,duka,0,3462273,3462273,0.388,0,0,0,0,0,0,0,
2021,8,duka,0,3458443,3458443,0.364,0,0,0,0,0,0,0,
2021,9,duka,0,4370570,4370570,0.318,0,0,0,0,0,0,0,
2021,10,duka,0,4170152,4170152,0.324,0,0,0,0,0,0,0,
2021,11,duka,0,4156947,4156947,0.348,0,0,0,0,0,0,0,
2021,12,duka,0,3436363,3436363,0.357,0,0,0,0,0,0,0,
2022,1,duka,0,4049409,4049409,0.344,0,0,0,0,0,0,0,
2022,2,duka,0,4914444,4914444,0.344,0,0,0,0,0,0,0,
2022,3,duka,0,6173324,6173324,0.387,0,0,0,0,0,0,0,
2022,4,duka,0,4697482,4697482,0.374,0,0,0,0,0,0,0,
2022,5,duka,0,4628667,4628667,0.379,0,0,0,0,0,0,0,
2022,6,duka,0,4139075,4139075,0.366,0,0,0,0,0,0,0,
2022,7,duka,0,4398091,4398091,0.348,0,0,0,0,0,0,0,
2022,8,duka,0,4288324,4288324,0.338,0,0,0,0,0,0,0,
2022,9,duka,0,5029466,5029466,0.327,0,0,0,0,0,0,0,
2022,10,duka,0,4499772,4499772,0.37,0,0,0,0,0,0,0,
2022,11,duka,0,3642770,3642770,0.425,0,0,0,0,0,0,0,
2022,12,duka,0,3391137,3391137,0.358,0,0,0,0,0,0,0,
2023,1,duka,0,3610063,3610063,0.337,0,0,0,0,0,0,0,
2023,2,duka,0,3236027,3236027,0.34,0,0,0,0,0,0,0,
2023,3,duka,0,4465226,4465226,0.34,0,0,0,0,0,0,0,
2023,4,duka,0,2957588,2957588,0.34,0,0,0,0,0,0,0,
2023,5,duka,0,3933656,3933656,0.33,0,0,0,0,0,0,0,
2023,6,duka,0,3091988,3091988,0.337,0,0,0,0,0,0,0,
2023,7,duka,0,2760506,2760506,0.337,0,0,0,0,0,0,0,
2023,8,duka,0,2373606,2373606,0.32,0,0,0,0,0,0,0,
2023,9,duka,0,1901380,1901380,0.31,0,0,0,0,0,0,0,
2023,10,duka,0,2841317,2841317,0.32,0,0,0,0,0,0,0,
2023,11,duka,0,2488588,2488588,0.327,0,0,0,0,0,0,0,
2023,12,duka,0,2765658,2765658,0.33,0,0,0,0,0,0,0,
2024,1,duka,0,3059454,3059454,0.33,0,0,0,0,0,0,0,
2024,2,duka,0,2126336,2126336,0.327,0,0,0,0,0,0,0,
2024,3,duka,0,2733570,2733570,0.337,0,0,0,0,0,0,0,
2024,4,duka,0,5252883,5252883,0.37,0,0,0,0,0,0,0,
2024,5,duka,0,5054706,5054706,0.387,0,0,0,0,0,0,0,
2024,6,duka,0,4639004,4639004,0.39,0,0,0,0,0,0,0,
2024,7,duka,0,5651566,5651566,0.387,0,0,0,0,0,0,0,
2024,8,duka,0,5987790,5987790,0.397,0,0,0,0,0,0,0,
2024,9,duka,0,5121455,5121455,0.397,0,0,0,0,0,0,0,
2024,10,duka,0,5561646,5561646,0.391,0,0,0,0,0,0,0,
2024,11,duka,0,5937646,5937646,0.397,0,0,0,0,0,0,0,
2024,12,duka,0,5069435,5069435,0.44,0,0,0,0,0,0,0,
2025,1,duka,0,5798226,5798226,0.507,0,0,0,0,0,0,0,
2025,2,duka,0,5816226,5816226,0.53,0,0,0,0,0,0,0,
2025,3,duka,0,5397799,5397799,0.547,0,0,0,0,0,0,0,
2025,4,duka,0,6161986,6161986,0.646,0,0,0,0,0,0,0,
2025,5,duka,0,5325474,5325474,0.7,0,0,0,0,0,0,0,
2025,6,duka,0,4752206,4752206,0.6,0,0,0,0,0,0,0,
2025,7,duka,0,4192281,4192281,0.557,0,0,0,0,0,0,0,
2025,8,duka,0,4332094,4332094,0.54,0,0,0,0,0,0,0,
2025,9,duka,0,5823744,5823744,0.577,0,0,0,0,0,0,0,
2025,10,duka,0,9296611,9296611,0.677,0,0,0,0,0,0,0,
2025,11,duka,0,6537895,6537895,0.62,0,0,0,0,0,0,0,
2025,12,duka,0,7983497,7983497,0.64,0,0,0,0,0,0,0,
2026,1,duka,0,9134930,9134930,0.7,0,0,0,0,0,0,0,
2026,2,duka,0,7538154,7538154,0.887,0,0,0,0,0,0,0,
2026,3,duka,0,9429815,9429815,0.79,0,0,0,0,0,0,0,
2026,4,duka,0,7470561,7470561,0.71,0,0,0,0,0,0,0,
2026,5,duka,0,8333161,8333161,0.58,4,0,0,0,0,0,0,
2026,6,duka,0,8201406,8201406,0.63,0,0,0,0,0,0,0,
2026,7,duka,0,7415841,7415841,0.67,0,0,0,0,0,0,0,
2026,8,duka,0,5170563,5170563,0.61,0,0,0,0,0,0,0,
2026,9,duka,0,881595,881595,0.62,0,0,0,0,0,0,0,
