year,month,source,ticks,trading_days,session_coverage_pct,outages_30min_4h,worst_outage_min,holiday_gaps_gt_4h
2009,1,1,307386,31,95.63,0,0.0,0
2009,2,1,290637,28,97.57,0,0.0,0
2009,3,1,329263,28,98.92,0,0.0,0
2009,4,1,331823,30,96.36,0,0.0,0
2009,5,1,328757,31,98.29,0,0.0,0
2009,6,1,349727,30,99.18,0,0.0,0
2009,7,1,364448,31,98.24,0,0.0,0
2009,8,1,343500,31,98.51,0,0.0,0
2009,9,1,369461,30,98.87,0,0.0,0
2009,10,1,377491,30,99.39,0,0.0,0
2009,11,1,374704,30,97.87,0,0.0,0
2009,12,1,420417,31,95.78,0,0.0,0
2010,1,1,672797,31,95.49,0,0.0,0
2010,2,1,682728,28,97.95,0,0.0,0
2010,3,1,812451,31,98.96,0,0.0,0
2010,4,1,908234,30,98.54,0,0.0,0
2010,5,1,919826,31,99.18,0,0.0,0
2010,6,1,1051670,30,99.52,0,0.0,0
2010,7,1,1222695,31,98.98,0,0.0,0
2010,8,1,1361144,31,99.06,0,0.0,0
2010,9,1,1565084,30,99.04,0,0.0,0
2010,10,1,1700963,31,99.51,0,0.0,0
2010,11,1,1483445,30,97.75,0,0.0,0
2010,12,1,868861,31,96.51,0,0.0,0
2011,1,1,930198,31,97.65,0,0.0,0
2011,2,1,749972,28,97.91,0,0.0,0
2011,3,1,1144627,31,99.36,0,0.0,0
2011,4,1,936986,30,98.28,0,0.0,0
2011,5,1,1535770,31,99.62,0,0.0,0
2011,6,1,1201865,30,99.96,0,0.0,0
2011,7,1,1153423,31,99.58,0,0.0,0
2011,8,1,2299597,31,99.95,0,0.0,0
2011,9,1,2356214,30,99.58,0,0.0,0
2011,10,1,1825791,31,100.0,0,0.0,0
2011,11,1,1866024,30,96.58,2,44.0,0
2011,12,1,2024131,28,92.95,6,190.0,1
2012,1,1,2057060,27,92.1,15,121.0,3
2012,2,1,1739081,25,97.12,3,55.0,0
2012,3,1,1941989,26,99.41,0,0.0,0
2012,4,1,1766570,26,97.18,4,79.3,0
2012,5,1,2224661,27,99.61,1,33.0,0
2012,6,1,2322061,25,100.0,0,0.0,0
2012,7,1,2178705,27,99.61,0,0.0,0
2012,8,1,1924322,27,100.0,0,0.0,0
2012,9,1,1826035,25,99.61,0,0.0,0
2012,10,1,2103224,27,100.0,0,0.0,0
2012,11,1,1972760,26,97.68,1,57.0,0
2012,12,1,1563328,26,93.21,3,216.3,1
2013,1,1,1754413,27,90.89,15,60.7,1
2013,2,1,1857951,24,94.89,15,60.0,1
2013,3,1,1353307,25,93.74,4,60.1,0
2013,4,1,2140805,26,99.69,0,0.0,0
2013,5,1,2194129,27,98.86,1,37.1,1
2013,6,1,2552209,25,99.43,0,0.0,0
2013,7,1,1822482,27,98.55,0,0.0,1
2013,8,1,1881085,26,99.72,0,0.0,0
2013,9,1,1868162,26,98.8,0,0.0,1
2013,10,1,2591776,27,98.73,1,52.0,1
2013,11,1,1778822,25,94.5,14,60.9,1
2013,12,1,1805614,26,89.74,13,62.8,1
2014,1,1,1921748,27,91.07,16,60.1,1
2014,2,1,1765808,24,94.89,15,60.0,1
2014,3,1,1807843,25,95.19,8,60.1,0
2014,4,1,1511016,25,92.82,4,60.0,0
2014,5,1,1583905,26,99.01,0,0.0,1
2014,6,1,1541059,26,99.82,0,0.0,0
2014,7,1,1622091,27,99.02,0,0.0,1
2014,8,1,1419182,25,99.09,0,0.0,0
2014,9,1,1869250,26,99.2,0,0.0,1
2014,10,1,2222845,27,99.24,0,0.0,1
2014,11,1,2133737,25,94.12,13,60.3,2
2014,12,1,2154786,27,90.89,13,60.1,1
2015,1,1,2345061,26,91.1,12,60.1,1
2015,2,1,1804720,24,94.93,10,60.2,1
2015,3,1,1814760,27,98.6,0,0.0,0
2015,4,1,1800555,25,95.45,0,0.0,0
2015,5,1,1775314,26,98.9,1,63.1,1
2015,6,1,1836743,26,99.59,0,0.0,0
2015,7,1,2331727,27,99.09,0,0.0,1
2015,8,1,2286431,26,100.0,0,0.0,0
2015,9,1,2088415,26,99.19,0,0.0,1
2015,10,1,2519894,26,99.99,0,0.0,0
2015,11,1,2290386,26,94.36,1,60.0,2
2015,12,1,2874197,26,90.83,0,0.0,1
2016,1,1,2986909,25,90.69,0,0.0,1
2016,2,1,4013015,25,95.03,0,0.0,1
2016,3,1,4365167,26,94.08,0,0.0,0
2016,4,1,4098541,25,99.9,0,0.0,0
2016,5,1,4123627,27,99.2,0,0.0,1
2016,6,1,3800890,26,99.99,0,0.0,0
2016,7,1,3984581,26,99.16,0,0.0,1
2016,8,1,3923518,27,99.97,0,0.0,0
2016,9,1,3913852,26,99.19,0,0.0,1
2016,10,1,3056851,26,99.94,0,0.0,0
2016,11,1,4615884,26,95.09,6,60.4,2
2016,12,1,3296775,25,91.48,7,60.4,0
2017,1,1,3991038,26,90.45,10,61.5,1
2017,2,1,4018151,24,94.93,10,60.5,1
2017,3,1,4238097,27,98.3,7,60.3,0
2017,4,1,3302322,24,95.01,0,0.0,0
2017,5,1,3595114,27,99.24,0,0.0,1
2017,6,1,3335087,26,99.99,0,0.0,0
2017,7,1,3076998,26,99.15,0,0.0,1
2017,8,1,3833580,27,99.99,0,0.0,0
2017,9,1,3895171,25,99.16,0,0.0,1
2017,10,1,4188440,27,99.98,0,0.0,0
2017,11,1,4462570,26,95.01,0,0.0,2
2017,12,1,3900241,24,90.89,0,0.0,0
2018,1,1,4644118,27,91.12,0,0.0,1
2018,2,1,4826011,24,95.04,0,0.0,1
2018,3,1,3695843,25,94.24,0,0.0,0
2018,4,1,2607571,26,99.93,0,0.0,0
2018,5,1,2507497,27,99.22,0,0.0,1
2018,6,1,2326741,25,99.96,0,0.0,0
2018,7,1,2855745,27,99.17,0,0.0,1
2018,8,1,2947010,27,99.94,0,0.0,0
2018,9,1,2413919,25,99.04,0,0.0,1
2018,10,1,2956481,27,99.91,0,0.0,0
2018,11,1,2159844,26,94.84,0,0.0,2
2018,12,1,1979737,26,90.11,0,0.0,1
2019,1,1,2118624,27,90.94,0,0.0,1
2019,2,1,1739406,24,94.71,0,0.0,1
2019,3,1,2355628,26,98.53,0,0.0,0
2019,4,1,1948177,25,95.04,0,0.0,0
2019,5,1,2615236,27,98.83,0,0.0,1
2019,6,1,3508256,25,99.81,0,0.0,0
2019,7,1,3586208,27,99.21,2,128.4,0
2019,8,1,4734997,26,99.93,0,0.0,0
2019,9,1,4060606,26,99.18,1,222.5,0
2019,10,1,4607246,27,99.86,0,0.0,0
2019,11,1,2970092,25,94.71,0,0.0,1
2019,12,1,2569955,27,90.31,0,0.0,1
2020,1,1,4020809,27,91.24,0,0.0,1
2020,2,1,4658190,24,94.98,0,0.0,1
2020,3,1,6621467,27,98.84,0,0.0,0
2020,4,1,3750447,25,95.44,0,0.0,0
2020,5,1,4179404,26,99.16,0,0.0,1
2020,6,1,4552142,26,99.99,0,0.0,0
2020,7,1,4726566,27,99.22,0,0.0,1
2020,8,1,5984020,26,100.0,0,0.0,0
2020,9,1,5147808,26,99.2,0,0.0,1
2020,10,1,4248307,26,100.0,0,0.0,0
2020,11,1,4258511,26,94.37,0,0.0,2
2020,12,1,3669605,26,90.87,0,0.0,1
2021,1,1,4751512,25,90.68,0,0.0,1
2021,2,1,5262811,24,95.0,0,0.0,1
2021,3,1,6482967,27,98.29,0,0.0,0
2021,4,1,4327563,25,95.43,0,0.0,0
2021,5,1,4709321,26,99.16,0,0.0,1
2021,6,1,4510947,26,99.99,0,0.0,0
2021,7,1,3462273,26,99.21,0,0.0,1
2021,8,1,3458443,27,99.96,0,0.0,0
2021,9,1,4370570,26,99.21,0,0.0,1
2021,10,1,4170152,26,99.98,0,0.0,0
2021,11,1,4156947,26,95.34,0,0.0,2
2021,12,1,3436363,26,91.64,0,0.0,0
2022,1,1,4049409,26,94.84,0,0.0,1
2022,2,1,4914444,24,95.32,1,211.0,0
2022,3,1,6173324,27,98.48,0,0.0,0
2022,4,1,4697482,24,95.21,0,0.0,0
2022,5,1,4628667,27,99.5,1,211.0,0
2022,6,1,4139075,26,99.5,1,211.0,0
2022,7,1,4398091,26,99.47,1,211.0,0
2022,8,1,4288324,27,99.98,0,0.0,0
2022,9,1,5029466,26,99.5,1,211.0,0
2022,10,1,4499772,26,99.96,0,0.0,0
2022,11,1,3642770,26,95.47,1,211.7,1
2022,12,1,3391137,25,91.46,0,0.0,0
2023,1,1,3610063,26,90.54,0,0.0,1
2023,2,1,3236027,24,95.32,1,210.1,0
2023,3,1,4465226,27,98.66,0,0.0,0
2023,4,1,2957588,24,94.98,0,0.0,0
2023,5,1,3933656,27,99.51,1,211.1,0
2023,6,1,3091988,26,99.45,1,211.0,0
2023,7,1,2760506,26,99.38,1,211.2,0
2023,8,1,2373606,27,99.79,0,0.0,0
2023,9,1,1901380,25,99.3,1,211.0,0
2023,10,1,2841317,27,99.95,0,0.0,0
2023,11,1,2488588,26,94.86,0,0.0,2
2023,12,1,2765658,24,90.88,0,0.0,0
2024,1,1,3059454,27,91.39,1,210.1,0
2024,2,1,2126336,25,95.29,1,210.1,0
2024,3,1,2733570,25,94.16,0,0.0,0
2024,4,1,5252883,26,100.0,0,0.0,0
2024,5,1,5054706,27,99.5,1,211.0,0
2024,6,1,4639004,25,99.45,1,210.0,0
2024,7,1,5651566,27,99.52,1,210.0,0
2024,8,1,5987790,26,100.0,0,0.0,0
2024,9,1,5121455,26,99.47,1,211.1,0
2024,10,1,5561646,27,99.78,1,66.0,0
2024,11,1,5937646,25,95.25,1,211.0,0
2024,12,1,5069435,27,90.19,1,83.3,1
2025,1,1,5798226,27,91.51,1,211.1,0
2025,2,1,5816226,24,95.3,1,211.2,0
2025,3,1,5397799,26,98.96,0,0.0,0
2025,4,1,6161986,25,95.37,0,0.0,0
2025,5,1,5325474,26,99.49,1,211.0,0
2025,6,1,4752206,26,99.48,1,211.1,0
2025,7,1,4192281,28,99.24,0,0.0,1
2025,8,1,4332094,26,99.97,0,0.0,0
2025,9,1,5823744,26,99.5,1,211.1,0
2025,10,1,9296611,27,100.0,0,0.0,0
2025,11,1,6537895,25,94.8,1,211.1,1
2025,12,1,7983497,27,90.76,0,0.0,1
2026,1,1,9134930,26,91.36,1,211.1,0
2026,2,1,7538154,24,95.25,1,211.1,0
2026,3,1,9429815,27,98.99,0,0.0,0
2026,4,1,7470561,25,95.44,0,0.0,0
2026,5,1,8333161,26,99.47,1,211.1,0
2026,6,1,8201406,26,99.21,0,0.0,1
2026,7,1,7415841,27,99.24,0,0.0,1
2026,8,1,5170563,26,100.0,0,0.0,0
2026,9,1,881595,3,13.64,0,0.0,0
