year,source,median,mean,p90
2009,1,0.4830000000000041,0.4740274490696854,0.5099999999999909
2010,1,0.5049999999999955,0.5246767781502883,0.6539999999999964
2011,1,0.42699999999990723,0.46250808498574186,0.6219999999998436
2012,1,0.36399999999991905,0.38157893271309296,0.4640000000000555
2013,1,0.3509999999999991,0.3661113792144672,0.47900000000004184
2014,1,0.28500000000008185,0.296169569035832,0.34999999999990905
2015,1,0.3089999999999691,0.3144302760641687,0.3690000000001419
2016,1,0.3020000000001346,0.3144910678246917,0.37200000000007094
2017,1,0.24099999999998545,0.2460209869194889,0.2819999999999254
2018,1,0.23400000000015098,0.2426738880443934,0.29700000000002547
2019,1,0.29399999999986903,0.29600069194849216,0.3269999999999982
2020,1,0.40399999999999636,0.508387310115897,0.7770000000000437
2021,1,0.35599999999999454,0.36065788151760203,0.4255000000000564
2022,1,0.36800000000016553,0.37732974472776465,0.4539999999999509
2023,1,0.32999999999992724,0.3354490497560607,0.36999999999989086
2024,1,0.38000000000010914,0.38497386015845175,0.44000000000005457
2025,1,0.5869999999999891,0.6203965919029516,0.7770000000000437
2026,1,0.6999999999998181,0.7402830365314826,0.9099999999998545
