year,month,offset_min,corr,q60,n_minutes,method,flag
2017,8,180,0.9521,0.9992,31370,grid+fine snap15,ok
2017,9,180,0.9536,0.9976,28548,grid+fine snap15,ok
2017,10,180,0.9942,0.9997,30350,grid+fine snap15,ok
2017,11,180,0.7603,0.7175,29559,grid+fine snap15 offset<-2017-10(180),low_quality
2017,12,120,0.9927,0.9991,27522,grid+fine snap15,ok
2018,1,120,0.9931,0.9995,30102,grid+fine snap15,ok
2018,2,120,0.9947,0.9995,27293,grid+fine snap15,ok
2018,3,120,0.9858,0.9909,28227,grid+fine snap15,ok
2018,4,120,0.9828,0.9845,27948,grid+fine snap15,ok
2018,5,120,0.9811,0.9891,29967,grid+fine snap15,ok
2018,6,120,0.9853,0.9929,27882,grid+fine snap15,ok
2018,7,120,0.9477,0.9613,29039,grid+fine snap15,ok_coarse
2018,8,120,0.9894,0.9956,30543,grid+fine snap15,ok
2018,9,120,0.9883,0.9917,26238,grid+fine snap15,ok
2018,10,120,0.6572,0.6323,30434,grid+fine snap15,low_quality
2018,11,120,0.859,0.855,29644,grid+fine snap15,low_quality
2018,12,120,0.9561,0.9996,27310,grid+fine snap15,ok
2019,1,120,0.9576,0.9991,29990,grid+fine snap15,ok
2019,2,120,0.9333,0.9982,27157,grid+fine snap15,ok_coarse
2019,3,120,0.6384,0.7536,28428,grid+fine snap15 offset<-2019-02(120),low_quality
2019,4,180,0.9394,0.9547,28730,grid+fine snap15,ok_coarse
2019,5,180,0.9552,0.9982,31243,grid+fine snap15,ok
2019,6,180,0.9666,0.997,27542,grid+fine snap15,ok
2019,7,180,0.9188,0.999,31344,grid+fine snap15,ok_coarse
2019,8,180,0.8637,0.8792,30207,grid+fine snap15,low_quality
2019,9,180,0.9613,0.9993,28716,grid+fine snap15,ok
2019,10,180,0.9951,0.9995,31555,grid+fine snap15,ok
2019,11,120,0.9294,0.9664,28361,grid+fine snap15,ok_coarse
2019,12,120,0.9894,0.9992,28685,grid+fine snap15,ok
2020,1,120,0.9956,0.9995,30082,grid+fine snap15,ok
2020,2,0,1.0,1.0,0,n/a,duka_source
2020,3,180,0.9166,0.9926,19169,grid+fine snap15,ok_coarse
2020,4,180,0.9571,0.997,28835,grid+fine snap15,ok
2020,5,180,0.9784,0.9985,28599,grid+fine snap15,ok
2020,6,180,0.9877,0.9987,30161,grid+fine snap15,ok
2020,7,180,0.9943,0.9993,31349,grid+fine snap15,ok
2020,8,180,0.9936,0.9999,28958,grid+fine snap15,ok
2020,9,180,0.9962,0.9996,29974,grid+fine snap15,ok
2020,10,180,0.9946,0.9994,30214,grid+fine snap15,ok
2020,11,120,0.9944,0.9997,28449,grid+fine snap15,ok
2020,12,120,0.992,0.9994,30053,grid+fine snap15,ok
2021,1,120,0.9715,0.9977,27316,grid+fine snap15,ok
2021,2,120,0.9104,0.9969,27253,grid+fine snap15,ok_coarse
2021,3,120,0.5662,0.5634,30872,grid+fine snap15,low_quality
2021,4,180,0.9489,0.9841,27493,grid+fine snap15,ok_coarse
2021,5,180,0.8793,0.9971,28649,grid+fine snap15,ok_coarse
2021,6,180,0.9149,0.9951,30187,grid+fine snap15,ok_coarse
2021,7,180,0.8832,0.9928,29854,grid+fine snap15,ok_coarse
2021,8,180,0.7549,0.671,29356,grid+fine snap15,low_quality
2021,9,180,0.8721,0.9974,29942,grid+fine snap15,ok_coarse
2021,10,180,0.7017,0.9871,27544,grid+fine snap15,ok_coarse
2021,11,180,0.6854,0.8776,29477,grid+fine snap15 offset<-2021-10(180),low_quality
2021,12,120,0.847,0.995,30110,grid+fine snap15,ok_coarse
2022,1,120,0.8506,0.9939,28688,grid+fine snap15,ok_coarse
2022,2,120,0.9444,0.9972,27306,grid+fine snap15,ok_coarse
2022,3,120,0.6071,0.6797,30806,grid+fine snap15,low_quality
2022,4,180,0.9893,0.9986,27403,grid+fine snap15,ok
2022,5,180,0.9766,0.9993,30147,grid+fine snap15,ok
2022,6,180,0.9377,0.951,30039,grid+fine snap15,ok_coarse
2022,7,180,0.9527,0.9955,28586,grid+fine snap15,ok
2022,8,180,0.9694,0.9992,31560,grid+fine snap15,ok
2022,9,180,0.9915,0.9994,30038,grid+fine snap15,ok
2022,10,180,0.9861,0.9996,28881,grid+fine snap15,ok
2022,11,180,0.7577,0.8579,29650,grid+fine snap15 offset<-2022-10(180),low_quality
2022,12,120,0.995,0.9996,28859,grid+fine snap15,ok
2023,1,120,0.994,0.9995,28689,grid+fine snap15,ok
2023,2,120,0.9918,0.9989,27339,grid+fine snap15,ok
2023,3,120,0.8063,0.8217,31140,grid+fine snap15 offset<-2023-02(120),low_quality
2023,4,180,0.9924,0.9996,26167,grid+fine snap15,ok
2023,5,180,0.9957,0.9997,31410,grid+fine snap15,ok
2023,6,180,0.9936,0.9994,30021,grid+fine snap15,ok
2023,7,180,0.9947,0.9995,28753,grid+fine snap15,ok
2023,8,180,0.9921,0.9989,31501,grid+fine snap15,ok
2023,9,180,0.9921,0.9905,28287,grid+fine snap15,ok
2023,10,180,0.9948,0.9994,30271,grid+fine snap15,ok
2023,11,180,0.79,0.8294,29543,grid+fine snap15 offset<-2023-10(180),low_quality
2023,12,120,0.9739,0.9996,27470,grid+fine snap15,ok
2024,1,120,0.9938,0.9996,30157,grid+fine snap15,ok
2024,2,120,0.992,0.9997,28687,grid+fine snap15,ok
2024,3,120,0.6656,0.7044,27106,grid+fine snap15 offset<-2024-02(120),low_quality
2024,4,180,0.9975,0.9996,30188,grid+fine snap15,ok
2024,5,180,0.9952,0.9987,31330,grid+fine snap15,ok
2024,6,180,0.9966,0.9996,27326,grid+fine snap15,ok
2024,7,180,0.9971,0.9997,31345,grid+fine snap15,ok
2024,8,180,0.9961,0.999,30190,grid+fine snap15,ok
2024,9,180,0.9957,0.9994,28690,grid+fine snap15,ok
2024,10,180,0.9957,0.9995,31492,grid+fine snap15,ok
2024,11,120,0.9664,0.9847,28528,grid+fine snap15,ok
2024,12,120,0.9847,0.9992,28572,grid+fine snap15,ok
2025,1,120,0.9865,0.9988,30149,grid+fine snap15,ok
2025,2,120,0.9882,0.9993,27384,grid+fine snap15,ok
2025,3,120,0.6865,0.707,28628,grid+fine snap15 offset<-2025-02(120),low_quality
2025,4,180,0.989,0.9998,28787,grid+fine snap15,ok
2025,5,180,0.9863,0.9994,30023,grid+fine snap15,ok
2025,6,180,0.9967,0.9986,28710,grid+fine snap15,ok
2025,7,180,0.9956,0.9991,31316,grid+fine snap15,ok
2025,8,180,0.9886,0.9991,28803,grid+fine snap15,ok
2025,9,180,0.9758,0.9996,30027,grid+fine snap15,ok
2025,10,180,0.997,0.9994,31564,grid+fine snap15,ok
2025,11,120,0.9948,0.9996,27103,grid+fine snap15,ok
2025,12,120,0.9939,0.9997,30014,grid+fine snap15,ok
2026,1,120,0.9973,0.9996,28775,grid+fine snap15,ok
2026,2,120,0.981,0.9991,27387,grid+fine snap15,ok
2026,3,120,0.7967,0.775,29986,grid+fine snap15 offset<-2026-02(120),low_quality
2026,4,180,0.9891,0.999,28811,grid+fine snap15,ok
2026,5,180,0.9984,0.9996,28645,grid+fine snap15,ok
2026,6,180,0.9988,0.9997,29953,grid+fine snap15,ok
2026,7,180,0.9975,0.9996,31330,grid+fine snap15,ok
2026,8,180,0.9965,0.9994,28933,grid+fine snap15,ok
2026,9,180,0.9962,nan,2635,grid+fine snap15,ok
